idcar_200m,idcar_1km,idcar_nat,i_est_200,i_est_1km,lcog_geo,ind,men,men_pauv,men_1ind,men_5ind,men_prop,men_fmp,ind_snv,men_surf,men_coll,men_mais,log_av45,log_45_70,log_70_90,log_ap90,log_inc,log_soc,ind_0_3,ind_4_5,ind_6_10,ind_11_17,ind_18_24,ind_25_39,ind_40_54,ind_55_64,ind_65_79,ind_80p,ind_inc
CRS3035RES200mN2459200E3985000,CRS3035RES1000mN2459000E3985000,CRS3035RES1000mN2459000E3985000,1,0,38185,11,3.7,0.4,0.7,0.4,2,0,252417.5,427,1.3,2.4,0.2,1.1,2,0.4,0,0,0.9,0.4,0.4,1,1.2,2.7,1.1,0.9,1.5,0.9,0
CRS3035RES200mN2459200E3985200,CRS3035RES1000mN2459000E3985000,CRS3035RES1000mN2459000E3985000,1,0,38185,5,1.7,0.2,0.3,0.2,0.9,0,114735.2,194.1,0.6,1.1,0.1,0.5,0.9,0.2,0,0,0.4,0.2,0.2,0.4,0.6,1.2,0.5,0.4,0.7,0.4,0
CRS3035RES200mN2459400E3982800,CRS3035RES1000mN2459000E3982000,CRS3035RES1000mN2459000E3982000,1,0,38185,2,0.9,0.1,0.2,0,0.5,0.1,53101.1,99,0.4,0.5,0.1,0,0.6,0.2,0,0.1,0.1,0,0.1,0.1,0.1,0.2,0.3,0.2,0.7,0.2,0
CRS3035RES200mN2459400E3983000,CRS3035RES1000mN2459000E3983000,CRS3035RES1000mN2459000E3983000,1,0,38185,3,1.4,0.1,0.4,0.1,1,0,76145.9,128.1,0.5,0.9,0.8,0.2,0.1,0.3,0,0,0.1,0,0.1,0.1,0.1,0.5,0.2,1.1,0.6,0.2,0
CRS3035RES200mN2459400E3983200,CRS3035RES1000mN2459000E3983000,CRS3035RES1000mN2459000E3983000,1,0,38185,3,1.4,0.1,0.4,0.1,1,0,76145.9,128.1,0.5,0.9,0.8,0.2,0.1,0.3,0,0,0.1,0,0.1,0.1,0.1,0.5,0.2,1.1,0.6,0.2,0
CRS3035RES200mN2459400E3983400,CRS3035RES1000mN2459000E3983000,CRS3035RES1000mN2459000E3983000,1,0,38185,4,1.8,0.1,0.5,0.2,1.3,0,101527.8,170.8,0.6,1.2,1.1,0.2,0.2,0.3,0,0,0.1,0.1,0.1,0.2,0.1,0.6,0.2,1.5,0.9,0.2,0
CRS3035RES200mN2459400E3983600,CRS3035RES1000mN2459000E3983000,CRS3035RES1000mN2459000E3983000,1,0,38185,3,1.4,0.1,0.4,0.1,1,0,76145.9,128.1,0.5,0.9,0.8,0.2,0.1,0.3,0,0,0.1,0,0.1,0.1,0.1,0.5,0.2,1.1,0.6,0.2,0
CRS3035RES200mN2459400E3984400,CRS3035RES1000mN2459000E3984000,CRS3035RES200mN2459400E3984400,0,0,38185,95,48,15,23,3,0,8,1554092.2,2894,48,0,0,46,0,1,1,45,8,1,5,6,9,19,16,9,12,10,0
CRS3035RES200mN2459400E3984600,CRS3035RES1000mN2459000E3984000,CRS3035RES200mN2459400E3984600,0,0,38185,621.5,244,95,88,43,27,37,9549201.9,17394,244,0,0,242,0,0,2,207,37,26,48.5,57.5,47,116.5,111,75,73,30,0
CRS3035RES200mN2459400E3984800,CRS3035RES1000mN2459000E3984000,CRS3035RES200mN2459400E3984800,0,0,38185,366.5,109,54,14,32,0,17,5058944,8643,109,0,0,109,0,0,0,109,30,19.5,41.5,52.5,24,60,56,38,32,13,0
CRS3035RES200mN2459400E3985000,CRS3035RES1000mN2459000E3985000,CRS3035RES1000mN2459000E3985000,0,0,38185,622.5,265,35,93,28,223,25,13092478.8,21153,265,0,0,0,265,0,0,0,16,18,36.5,57,41,76,105,84,149,40,0
CRS3035RES200mN2459400E3985200,CRS3035RES1000mN2459000E3985000,CRS3035RES1000mN2459000E3985000,0,0,38185,602.5,270,75,123,30,102,43,11235482.4,19862,270,0,0,0,115,154,1,116,30,16,39.5,67,57,84,119,72,83,23,12
CRS3035RES200mN2459400E3985400,CRS3035RES1000mN2459000E3985000,CRS3035RES1000mN2459000E3985000,0,0,38185,721,274,125,92,47,30,43,10825788.5,20175,274,0,0,0,178,96,0,234,34,18.5,64,89,51.5,99,162,79,97,17,10
CRS3035RES200mN2459600E3983200,CRS3035RES1000mN2459000E3983000,CRS3035RES1000mN2459000E3983000,0,0,38185,474.5,267,20,138,8,164,19,12493594.9,20031,265,2,4,262,0,0,1,0,21,7,18.5,14,39,97,65,62,95,56,0
CRS3035RES200mN2459600E3983400,CRS3035RES1000mN2459000E3983000,CRS3035RES1000mN2459000E3983000,1,0,38185,3,1.4,0.1,0.4,0.1,1,0,76145.9,128.1,0.5,0.9,0.8,0.2,0.1,0.3,0,0,0.1,0,0.1,0.1,0.1,0.5,0.2,1.1,0.6,0.2,0
CRS3035RES200mN2459600E3983600,CRS3035RES1000mN2459000E3983000,CRS3035RES1000mN2459000E3983000,0,0,38185,136.5,57,4,16,3,42,4,3400808.3,4257,41,16,0,0,41,16,0,0,8,5,9.5,12,9,31,24,17,16,5,0
CRS3035RES200mN2459600E3983800,CRS3035RES1000mN2459000E3983000,CRS3035RES1000mN2459000E3983000,0,0,38185,274.5,151,28,87,6,85,12,5785526.7,8750,137,14,14,27,85,25,0,7,6,4.5,16.5,19.5,27,62,55,39,37,8,0
CRS3035RES200mN2459600E3984000,CRS3035RES1000mN2459000E3984000,CRS3035RES200mN2459600E3984000,0,0,38185,336.5,145,33,50,9,37,20,6286639.7,9216,69,76,75,1,20,41,8,95,16,6,20,22.5,28,81,65,39,32,19,8
CRS3035RES200mN2459600E3984200,CRS3035RES1000mN2459000E3984000,CRS3035RES200mN2459600E3984200,0,0,38185,441.5,191,16,69,18,130,20,9875252.4,17424,191,0,0,0,130,61,0,25,39,13.5,32.5,31,26.5,101,74,30,49,41,4
CRS3035RES200mN2459600E3984400,CRS3035RES1000mN2459000E3984000,CRS3035RES200mN2459600E3984400,0,0,38185,654,248,109,83,42,0,49,9566278.7,17858,248,0,0,248,0,0,0,248,38.5,26,64,83.5,37,116,107,71,66,38,7
CRS3035RES200mN2459600E3984600,CRS3035RES1000mN2459000E3984000,CRS3035RES200mN2459600E3984600,0,0,38185,77,35,6,13,2,22,4,1482092,2771,35,0,0,35,0,0,0,0,3,1,2,7,7,9,17,7,19,5,0
CRS3035RES200mN2459600E3984800,CRS3035RES1000mN2459000E3984000,CRS3035RES200mN2459600E3984800,0,0,38185,415,140,48,41,32,77,24,7009835.4,11607,140,0,0,51,89,0,0,51,30,12,50,60,20,57,61,37,46,33,9
CRS3035RES200mN2459600E3985000,CRS3035RES1000mN2459000E3985000,CRS3035RES1000mN2459000E3985000,0,0,38185,1986.5,793,354,313,117,180,146,29920808,59965,793,0,0,0,782,10,1,532,146,79,175,259.5,139,312,361,197,230,78,10
CRS3035RES200mN2459600E3985400,CRS3035RES1000mN2459000E3985000,CRS3035RES1000mN2459000E3985000,0,0,38185,841.5,381,50,149,34,271,35,17896575.2,31279,381,0,0,19,209,153,0,39,30,17,43.5,68.5,63.5,114,153,138,179,35,0
CRS3035RES200mN2459800E3983000,CRS3035RES1000mN2459000E3983000,CRS3035RES1000mN2459000E3983000,1,0,38185,2,0.9,0,0.2,0.1,0.7,0,50763.9,85.4,0.3,0.6,0.5,0.1,0.1,0.2,0,0,0.1,0,0,0.1,0.1,0.3,0.1,0.8,0.4,0.1,0
CRS3035RES200mN2459800E3983200,CRS3035RES1000mN2459000E3983000,CRS3035RES1000mN2459000E3983000,0,0,38185,339.5,161,18,66,11,104,11,8654339.6,13699,129,32,0,16,25,120,0,31,11,4,16,37.5,26,38,59,46,73,29,0
CRS3035RES200mN2459800E3983400,CRS3035RES1000mN2459000E3983000,CRS3035RES1000mN2459000E3983000,0,0,38185,339.5,156,43,74,16,80,21,6121472.2,10318,150,6,4,111,41,0,0,1,17,7,24.5,32.5,35.5,81,54,39,32,17,0
CRS3035RES200mN2459800E3983800,CRS3035RES1000mN2459000E3983000,CRS3035RES1000mN2459000E3983000,1,0,38185,31,14,0.6,3.6,1.2,10.3,0,786840.8,1323.9,4.9,9.1,8.5,1.8,1.2,2.5,0,0,1.2,0.6,0.6,1.2,0.6,4.9,1.8,11.6,6.7,1.8,0
CRS3035RES200mN2459800E3984000,CRS3035RES1000mN2459000E3984000,CRS3035RES200mN2459800E3984000,0,0,38185,229.5,82,11,22,14,42,14,5282416.3,6548,53,29,0,37,1,44,0,28,12,10.5,14.5,27.5,23,46,45,19,24,8,0
CRS3035RES200mN2459800E3984200,CRS3035RES1000mN2459000E3984000,CRS3035RES200mN2459800E3984200,0,0,38185,669.5,283,38,102,21,164,35,14719403.5,19671,283,0,0,55,0,228,0,24,54.5,20.5,55,64,48.5,173,131,70,45,8,0
CRS3035RES200mN2459800E3984400,CRS3035RES1000mN2459000E3984000,CRS3035RES200mN2459800E3984400,0,0,38185,1069,369,153,100,72,45,81,16023081.7,28686,369,0,0,264,0,105,0,294,79,50,111.5,149.5,74,195,183,83,101,42,1
CRS3035RES200mN2459800E3984600,CRS3035RES1000mN2459000E3984000,CRS3035RES200mN2459800E3984600,0,0,38185,503.5,225,94,116,30,33,29,7746647.7,12100,225,0,0,95,0,130,0,95,33,23,47,55,58.5,116,94,35,34,8,0
CRS3035RES200mN2459800E3984800,CRS3035RES1000mN2459000E3984000,CRS3035RES200mN2459800E3984800,0,0,38185,156,71,18,26,6,41,2,3192198.4,4600,71,0,0,20,51,0,0,11,5,6,9,10,7,26,23,22,32,16,0
CRS3035RES200mN2459800E3985000,CRS3035RES1000mN2459000E3985000,CRS3035RES1000mN2459000E3985000,0,0,38185,193.5,80,43,32,10,0,12,2602685.3,6062,80,0,0,0,78,0,2,78,11.5,9,17,25,8,38,32,25,21,7,0
CRS3035RES200mN2460000E3983200,CRS3035RES1000mN2460000E3983000,CRS3035RES1000mN2460000E3983000,0,0,38185,21,11,3,5,0,6,0,599963.5,885,5,6,0,2,7,0,2,0,0,0,0,3,3,2,6,5,2,0,0
CRS3035RES200mN2460000E3983400,CRS3035RES1000mN2460000E3983000,CRS3035RES1000mN2460000E3983000,1,0,38185,10,3.7,0.2,0.8,0.6,2.7,0.5,290924.7,392.1,0.9,2.8,1.3,1.2,0,1.1,0.1,0,0.5,0.3,0.8,0.7,1.1,1.2,2,1.7,1.4,0.3,0
CRS3035RES200mN2460000E3983600,CRS3035RES1000mN2460000E3983000,CRS3035RES1000mN2460000E3983000,1,0,38185,18,6.7,0.3,1.5,1.2,4.9,0.8,523664.5,705.7,1.6,5.1,2.5,2.1,0,2,0.1,0,0.8,0.5,1.5,1.3,2,2.1,3.7,3.1,2.5,0.5,0
CRS3035RES200mN2460000E3984000,CRS3035RES1000mN2460000E3984000,CRS3035RES1000mN2460000E3984000,0,0,38185,216.5,121,14,66,1,70,9,4986572.8,7381,117,4,0,41,2,78,0,0,9,1.5,5,9,19,43,41,48,24,17,0
CRS3035RES200mN2460000E3984200,CRS3035RES1000mN2460000E3984000,CRS3035RES1000mN2460000E3984000,0,0,38185,672,293,17,103,14,60,29,16959745.5,21594,293,0,0,0,103,190,0,22,35.5,16.5,41.5,59,77.5,181,150,57,39,15,0
CRS3035RES200mN2460000E3984400,CRS3035RES1000mN2460000E3984000,CRS3035RES1000mN2460000E3984000,0,0,38185,993,474,79,205,26,225,68,21315672.3,29826,474,0,0,0,0,474,0,115,69,30,61.5,91,65.5,273,196,98,93,16,0
CRS3035RES200mN2460000E3984600,CRS3035RES1000mN2460000E3984000,CRS3035RES1000mN2460000E3984000,0,0,38185,1094,547,104,266,28,247,74,23339295.7,33953,547,0,0,0,0,547,0,113,73,29.5,77,81.5,99,293,212,105,95,28,1
CRS3035RES200mN2460000E3984800,CRS3035RES1000mN2460000E3984000,CRS3035RES1000mN2460000E3984000,0,0,38185,96.5,46,6,16,2,16,11,1894664.8,3097,46,0,0,0,0,46,0,21,6.5,2,7,8,7,26,18,11,9,2,0
CRS3035RES200mN2460000E3985000,CRS3035RES1000mN2460000E3985000,CRS3035RES1000mN2460000E3985000,0,0,38185,526,204,89,74,31,6,40,7844618.6,14023,204,0,0,0,130,74,0,198,62,18.5,43,60,36.5,96,84,56,59,11,0
CRS3035RES200mN2460000E3985200,CRS3035RES1000mN2460000E3985000,CRS3035RES1000mN2460000E3985000,0,0,38185,131.5,64,3,24,2,55,4,3815716.2,5484,64,0,0,0,39,25,0,0,1,2,7.5,6,12,14,30,8,39,12,0
CRS3035RES200mN2460000E3985400,CRS3035RES1000mN2460000E3985000,CRS3035RES1000mN2460000E3985000,0,0,38185,320,138,5,35,11,129,7,10663658.5,15102,120,18,2,11,122,3,0,0,10,10,12,26.5,17.5,34,46,33,88,43,0
CRS3035RES200mN2460000E3985600,CRS3035RES1000mN2460000E3985000,CRS3035RES1000mN2460000E3985000,0,0,38185,112,44,4,11,5,34,4,3189711.2,4238,6,38,4,31,6,3,0,3,2,1,7.5,11.5,14,8,14,22,25,7,0
CRS3035RES200mN2460200E3983000,CRS3035RES1000mN2460000E3983000,CRS3035RES1000mN2460000E3983000,0,0,38185,115.5,47,9,12,6,25,8,2717549.5,3972,31,16,0,32,0,15,0,13,4,1,5,11.5,14,15,25,16,17,7,0
CRS3035RES200mN2460200E3983200,CRS3035RES1000mN2460000E3983000,CRS3035RES1000mN2460000E3983000,1,0,38185,26,9.7,0.5,2.1,1.7,7.1,1.2,756404.3,1019.3,2.4,7.3,3.6,3.1,0,2.8,0.2,0,1.2,0.7,2.1,1.9,2.9,3.1,5.3,4.5,3.6,0.7,0
CRS3035RES200mN2460200E3983400,CRS3035RES1000mN2460000E3983000,CRS3035RES1000mN2460000E3983000,0,0,38185,74.5,34,3,12,1,23,3,1871329.4,3364,30,4,5,28,0,1,0,0,4,2,5,3.5,8,13,16,1,12,10,0
CRS3035RES200mN2460200E3983600,CRS3035RES1000mN2460000E3983000,CRS3035RES1000mN2460000E3983000,0,0,38185,687,357,49,166,13,212,55,14505013.2,22174,344,13,4,277,0,76,0,22,27,13,35,49.5,84.5,170,136,66,64,42,0
CRS3035RES200mN2460200E3984000,CRS3035RES1000mN2460000E3984000,CRS3035RES1000mN2460000E3984000,1,0,38185,41,16.8,0.7,4,1.3,13.4,0.7,1091803.5,1379.9,4.7,12.1,11.4,4,0.7,0.7,0,0,0.7,0,1.3,0.7,6.7,4.7,5.4,7.4,6.7,7.4,0
CRS3035RES200mN2460200E3984200,CRS3035RES1000mN2460000E3984000,CRS3035RES1000mN2460000E3984000,0,0,38185,81,43,4,20,2,32,1,2309350.9,2986,33,10,12,3,28,0,0,0,1,2,2,2,5,15,14,13,21,6,0
CRS3035RES200mN2460200E3984400,CRS3035RES1000mN2460000E3984000,CRS3035RES1000mN2460000E3984000,0,0,38185,283,136,20,64,9,68,15,6420299,9083,135,1,8,0,2,126,0,18,9,12.5,19.5,25,26,58,64,34,27,8,0
CRS3035RES200mN2460200E3984600,CRS3035RES1000mN2460000E3984000,CRS3035RES1000mN2460000E3984000,0,0,38185,1053,476,90,210,45,159,63,20597657,29928,476,0,0,0,0,476,0,175,74.5,34,79,99.5,81,272,223,89,82,19,0
CRS3035RES200mN2460200E3984800,CRS3035RES1000mN2460000E3984000,CRS3035RES1000mN2460000E3984000,0,0,38185,90,41,5,17,1,24,2,2124425.6,2743,41,0,0,0,0,41,0,0,7,2,4,8,8,31,13,9,8,0,0
CRS3035RES200mN2460200E3985000,CRS3035RES1000mN2460000E3985000,CRS3035RES1000mN2460000E3985000,0,0,38185,875.5,392,49,150,31,263,55,19483300.2,33170,392,0,0,0,336,56,0,56,30.5,19.5,69,78,69,155.5,135,98,145,75,1
CRS3035RES200mN2460200E3985200,CRS3035RES1000mN2460000E3985000,CRS3035RES1000mN2460000E3985000,0,0,38185,191.5,85,13,27,5,54,12,4448823.7,6770,81,4,0,31,49,5,0,27,8,3,9,15.5,14,14,39,27,46,16,0
CRS3035RES200mN2460200E3985400,CRS3035RES1000mN2460000E3985000,CRS3035RES1000mN2460000E3985000,0,0,38185,168.5,82,13,34,8,44,11,4241713.8,6073,43,39,1,77,4,0,0,26,7,5,12,6.5,5,35,26,30,30,12,0
CRS3035RES200mN2460200E3985600,CRS3035RES1000mN2460000E3985000,CRS3035RES1000mN2460000E3985000,0,0,38185,130.5,53,2,15,5,45,0,4161525.6,5792,9,44,7,39,4,3,0,0,2,3,12,17.5,8,14,24,13,22,15,0
CRS3035RES200mN2460200E3985800,CRS3035RES1000mN2460000E3985000,CRS3035RES1000mN2460000E3985000,0,0,38185,393.5,184,46,84,18,63,26,7594231.8,12430,178,6,1,52,90,41,0,71,23,11,27,33.5,33,65,64,53,55,29,0
CRS3035RES200mN2460400E3983000,CRS3035RES1000mN2460000E3983000,CRS3035RES1000mN2460000E3983000,0,0,38185,45.5,24,0,12,1,1,6,1381293,2258,23,1,0,4,1,15,4,0,0,1,1,3,6.5,6,11,16,1,0,0
CRS3035RES200mN2460400E3983200,CRS3035RES1000mN2460000E3983000,CRS3035RES1000mN2460000E3983000,1,0,38185,26,9.7,0.5,2.1,1.7,7.1,1.2,756404.3,1019.3,2.4,7.3,3.6,3.1,0,2.8,0.2,0,1.2,0.7,2.1,1.9,2.9,3.1,5.3,4.5,3.6,0.7,0
CRS3035RES200mN2460400E3983400,CRS3035RES1000mN2460000E3983000,CRS3035RES1000mN2460000E3983000,0,0,38185,188.5,98,8,42,3,59,15,4857079.5,7365,84,14,3,70,6,19,0,0,3,2,9.5,15.5,17.5,38,32,21,37,13,0
CRS3035RES200mN2460400E3983600,CRS3035RES1000mN2460000E3983000,CRS3035RES1000mN2460000E3983000,0,0,38185,650,306,97,126,19,51,54,12420913,21233,303,3,1,264,21,20,0,221,30.5,23,40.5,59,45,106,131,82,90,41,2
CRS3035RES200mN2460400E3983800,CRS3035RES1000mN2460000E3983000,CRS3035RES1000mN2460000E3983000,1,0,38185,21.5,8.1,0.4,1.8,1.4,5.9,1,625488.2,842.9,2,6.1,2.9,2.6,0,2.4,0.2,0,1,0.6,1.8,1.6,2.4,2.5,4.4,3.7,2.9,0.6,0
CRS3035RES200mN2460400E3984000,CRS3035RES1000mN2460000E3984000,CRS3035RES1000mN2460000E3984000,0,0,38185,279,150,30,83,7,56,19,5890396.9,9486,142,8,3,139,4,2,2,63,6,8,18,23,34,51,58,44,20,17,0
CRS3035RES200mN2460400E3984200,CRS3035RES1000mN2460000E3984000,CRS3035RES1000mN2460000E3984000,0,0,38185,339,173,21,76,6,95,18,7369354.5,11672,166,7,4,160,2,7,0,2,19,3,15,20,31,80,56,47,42,26,0
CRS3035RES200mN2460400E3984400,CRS3035RES1000mN2460000E3984000,CRS3035RES1000mN2460000E3984000,0,0,38185,300,128,51,55,18,23,22,4641952.3,7972,124,4,4,118,0,6,0,70,22.5,14,28.5,36,20,57,55,28,27,11,1
CRS3035RES200mN2460400E3984600,CRS3035RES1000mN2460000E3984000,CRS3035RES1000mN2460000E3984000,0,0,38185,97,50,4,24,1,37,3,2287456.5,2958,50,0,2,0,0,48,0,0,5,6,3,2,6,30,21,11,10,3,0
CRS3035RES200mN2460400E3984800,CRS3035RES1000mN2460000E3984000,CRS3035RES1000mN2460000E3984000,1,0,38185,20,8.2,0.3,2,0.7,6.6,0.3,532587.1,673.1,2.3,5.9,5.6,2,0.3,0.3,0,0,0.3,0,0.7,0.3,3.3,2.3,2.6,3.6,3.3,3.6,0
CRS3035RES200mN2460400E3985000,CRS3035RES1000mN2460000E3985000,CRS3035RES1000mN2460000E3985000,1,0,38185,13,7.5,0.3,3.8,0.3,3.5,1.2,372797.6,633,5.8,1.7,0,0,5.2,2.3,0,0,0,0.3,0.3,0.9,1.7,2,2.9,1.7,2.6,0.6,0
CRS3035RES200mN2460400E3985200,CRS3035RES1000mN2460000E3985000,CRS3035RES1000mN2460000E3985000,0,0,38185,1051,397,107,130,72,131,57,18178315.7,30847,397,0,0,245,151,1,0,244,64,34.5,88.5,147.5,72.5,154,167,82,152,89,0
CRS3035RES200mN2460400E3985400,CRS3035RES1000mN2460000E3985000,CRS3035RES1000mN2460000E3985000,0,0,38185,610,354,54,205,10,172,43,12759819.1,24222,354,0,0,340,0,14,0,109,24,15,25.5,42,42.5,104,105,72,107,73,0
CRS3035RES200mN2460400E3985600,CRS3035RES1000mN2460000E3985000,CRS3035RES1000mN2460000E3985000,0,0,38185,230,127,21,68,6,73,15,5286822.7,9429,118,9,0,118,4,5,0,16,4.5,2,11.5,23,17,37,50,26,33,25,1
CRS3035RES200mN2460400E3985800,CRS3035RES1000mN2460000E3985000,CRS3035RES1000mN2460000E3985000,0,0,38185,548,228,86,91,30,53,37,8431810.5,13470,228,0,0,209,0,19,0,149,55.5,29,36.5,50,37,108,94,43,64,31,0
CRS3035RES200mN2460600E3982800,CRS3035RES1000mN2460000E3982000,CRS3035RES1000mN2460000E3982000,0,0,38185,588.5,235,90,80,31,13,37,9117140,16557,235,0,0,152,0,82,1,209,32,24,38.5,60,39,117,89,73,81,35,0
CRS3035RES200mN2460600E3983000,CRS3035RES1000mN2460000E3983000,CRS3035RES1000mN2460000E3983000,0,0,38185,80,40,15,22,2,0,4,1236901.1,2622,40,0,0,0,0,40,0,34,3,3,6,4.5,8.5,15,10,10,13,7,0
CRS3035RES200mN2460600E3983400,CRS3035RES1000mN2460000E3983000,CRS3035RES1000mN2460000E3983000,0,0,38185,299.5,140,10,53,7,93,19,8470555.4,11311,121,19,25,74,2,39,0,0,11,6,19,29,21.5,63,66,29,38,17,0
CRS3035RES200mN2460600E3983600,CRS3035RES1000mN2460000E3983000,CRS3035RES1000mN2460000E3983000,0,0,38185,406,211,17,87,4,101,24,10443713.4,15012,202,9,7,76,38,90,0,0,28,11.5,15,20.5,34,122,65,42,43,25,0
CRS3035RES200mN2460600E3983800,CRS3035RES1000mN2460000E3983000,CRS3035RES1000mN2460000E3983000,0,0,38185,121,68,7,36,2,40,7,2880314,3924,57,11,1,56,0,10,1,0,3,0,4,8,18,33,21,12,13,9,0
CRS3035RES200mN2460600E3984000,CRS3035RES1000mN2460000E3984000,CRS3035RES1000mN2460000E3984000,0,0,38185,650.5,331,44,161,7,212,31,13244889.7,21829,330,1,0,331,0,0,0,18,43.5,18.5,32,35.5,58,161,95,80,61,66,0
CRS3035RES200mN2460600E3984200,CRS3035RES1000mN2460000E3984000,CRS3035RES1000mN2460000E3984000,0,0,38185,466.5,218,31,89,13,116,34,9647821,13791,217,1,0,150,0,68,0,21,36.5,15.5,30.5,41,31,125,91,34,34,28,0
CRS3035RES200mN2460600E3984400,CRS3035RES1000mN2460000E3984000,CRS3035RES1000mN2460000E3984000,0,0,38185,427.5,229,38,108,7,122,30,8770020.6,14503,225,4,7,174,0,48,0,31,14,9.5,25,31,32,90,86,46,61,33,0
CRS3035RES200mN2460600E3984600,CRS3035RES1000mN2460000E3984000,CRS3035RES1000mN2460000E3984000,0,0,38185,281,155,38,92,4,54,18,5337148.8,9174,148,7,31,91,0,32,1,44,13.5,7,12.5,20,16,77,51,32,32,20,0
CRS3035RES200mN2460600E3984800,CRS3035RES1000mN2460000E3984000,CRS3035RES1000mN2460000E3984000,0,0,38185,100.5,35,9,11,8,0,10,1588275.1,2281,34,1,1,0,0,34,0,34,4,5,18.5,11,10,19,18,10,3,2,0
CRS3035RES200mN2460600E3985000,CRS3035RES1000mN2460000E3985000,CRS3035RES1000mN2460000E3985000,0,0,38185,120.5,64,7,29,3,38,8,2584907.1,4053,64,0,0,64,0,0,0,0,6,4,7.5,9,2,32,20,13,14,13,0
CRS3035RES200mN2460600E3985200,CRS3035RES1000mN2460000E3985000,CRS3035RES1000mN2460000E3985000,0,0,38185,118,61,17,32,1,33,8,2318626.7,3649,61,0,0,61,0,0,0,0,7,3.5,8,9.5,11,27,29,12,7,4,0
CRS3035RES200mN2460600E3985400,CRS3035RES1000mN2460000E3985000,CRS3035RES1000mN2460000E3985000,0,0,38185,234,124,4,54,1,95,9,5828014.3,9490,124,0,0,83,41,0,0,0,4,3.5,8.5,13,13,33,33,29,43,54,0
CRS3035RES200mN2460600E3985600,CRS3035RES1000mN2460000E3985000,CRS3035RES1000mN2460000E3985000,0,0,38185,494,204,21,70,21,116,31,10612727.1,14398,204,0,0,7,0,196,1,47,29,13,45,50,40,114,92,47,45,15,4
CRS3035RES200mN2460600E3985800,CRS3035RES1000mN2460000E3985000,CRS3035RES1000mN2460000E3985000,0,0,38185,653,242,79,83,39,47,39,10382736.8,15478,242,0,0,163,0,79,0,189,60,14.5,66.5,70,44,125,133,59,61,20,0
CRS3035RES200mN2460600E3986400,CRS3035RES1000mN2460000E3986000,CRS3035RES1000mN2460000E3986000,1,0,38185,10,4.6,1,1.5,0.3,2.9,0.8,275395.2,417.5,2.3,2.3,0.6,2,1.1,0.9,0,0,0.2,0.1,0.8,0.7,0.6,2.4,1.4,1.3,1.1,1.4,0
CRS3035RES200mN2460800E3982800,CRS3035RES1000mN2460000E3982000,CRS3035RES1000mN2460000E3982000,0,0,38185,978,317,154,89,78,0,58,13683636.6,22891,317,0,0,293,0,24,0,317,67.5,39.5,98.5,131.5,68,156,180,102,97,27,11
CRS3035RES200mN2460800E3983000,CRS3035RES1000mN2460000E3983000,CRS3035RES1000mN2460000E3983000,1,0,38185,8,3,0.1,0.7,0.5,2.2,0.4,232739.8,313.6,0.7,2.3,1.1,0.9,0,0.9,0.1,0,0.4,0.2,0.7,0.6,0.9,0.9,1.6,1.4,1.1,0.2,0
CRS3035RES200mN2460800E3983200,CRS3035RES1000mN2460000E3983000,CRS3035RES1000mN2460000E3983000,0,0,38185,538.5,250,28,113,21,167,20,12229652.5,17975,249,1,4,41,77,128,0,27,27,11,28,49,46.5,99,109,45,67,56,1
CRS3035RES200mN2460800E3983400,CRS3035RES1000mN2460000E3983000,CRS3035RES1000mN2460000E3983000,0,0,38185,635,289,68,130,32,97,42,11883847,21322,283,6,0,82,207,0,0,132,27.5,24,42.5,62.5,47.5,107,109,62,100,53,0
CRS3035RES200mN2460800E3983600,CRS3035RES1000mN2460000E3983000,CRS3035RES1000mN2460000E3983000,0,0,38185,500,273,50,154,11,90,27,10510876.2,17069,267,6,35,197,0,41,0,89,20.5,11,29,34,42.5,110,87,61,65,40,0
CRS3035RES200mN2460800E3983800,CRS3035RES1000mN2460000E3983000,CRS3035RES1000mN2460000E3983000,0,0,38185,359,188,37,97,9,79,27,7120665.2,11592,184,4,4,146,0,38,0,35,13.5,8.5,34,30,34,82,62,34,44,17,0
CRS3035RES200mN2460800E3984000,CRS3035RES1000mN2460000E3984000,CRS3035RES1000mN2460000E3984000,0,0,38185,147,86,9,51,2,46,3,3479309.3,5595,77,9,33,37,1,15,0,0,3,1,8,9,12,35,33,23,18,5,0
CRS3035RES200mN2460800E3984200,CRS3035RES1000mN2460000E3984000,CRS3035RES1000mN2460000E3984000,0,0,38185,62,40,3,24,0,17,1,1421122.7,2252,38,2,16,22,2,0,0,0,1,2,1,2,4,11,15,6,15,5,0
CRS3035RES200mN2460800E3984400,CRS3035RES1000mN2460000E3984000,CRS3035RES1000mN2460000E3984000,0,0,38185,324,191,18,114,7,85,14,7699793.7,10894,191,0,0,0,62,129,0,16,9,8,14.5,18.5,30,99,57,49,29,9,1
CRS3035RES200mN2460800E3984600,CRS3035RES1000mN2460000E3984000,CRS3035RES1000mN2460000E3984000,0,0,38185,413,207,44,102,16,90,34,7931707.8,13033,199,8,17,136,15,39,0,49,24.5,9.5,22.5,40,33.5,81,90,38,49,24,1
CRS3035RES200mN2460800E3984800,CRS3035RES1000mN2460000E3984000,CRS3035RES1000mN2460000E3984000,0,0,38185,120,66,8,38,4,20,8,2562427.6,4029,59,7,6,55,0,5,0,12,5,3,4,11,12,33,20,14,14,4,0
CRS3035RES200mN2460800E3985000,CRS3035RES1000mN2460000E3985000,CRS3035RES1000mN2460000E3985000,0,0,38185,37,21,12,14,2,0,2,543467.9,731,18,3,1,0,2,18,0,0,4,1,2,1,6,11,4,3,3,2,0
CRS3035RES200mN2460800E3985200,CRS3035RES1000mN2460000E3985000,CRS3035RES1000mN2460000E3985000,1,0,38185,32,18.5,0.7,9.2,0.7,8.5,2.8,917655.5,1558,14.2,4.3,0,0,12.8,5.7,0,0,0,0.7,0.7,2.1,4.3,5,7.1,4.3,6.4,1.4,0
CRS3035RES200mN2460800E3985400,CRS3035RES1000mN2460000E3985000,CRS3035RES1000mN2460000E3985000,0,0,38185,118,57,9,25,5,14,10,2404991.1,3867,54,3,5,5,0,46,1,24,11,1,3.5,13,11.5,22,26,13,14,3,0
CRS3035RES200mN2460800E3985600,CRS3035RES1000mN2460000E3985000,CRS3035RES1000mN2460000E3985000,0,0,38185,413,193,28,90,21,61,28,8790088.9,12684,183,10,10,1,24,158,0,66,31,10.5,29.5,34,36,95,91,46,28,11,1
CRS3035RES200mN2460800E3985800,CRS3035RES1000mN2460000E3985000,CRS3035RES1000mN2460000E3985000,0,0,38185,759,309,44,101,20,119,38,16247060.3,22796,300,9,0,0,88,221,0,85,57,26,58,79,53,190,157,72,56,11,0
CRS3035RES200mN2460800E3986000,CRS3035RES1000mN2460000E3986000,CRS3035RES1000mN2460000E3986000,0,0,38185,383.5,158,62,51,18,16,40,6071270.6,10018,158,0,0,129,0,29,0,132,23,13,29.5,37,29,75,80,42,41,14,0
CRS3035RES200mN2460800E3986200,CRS3035RES1000mN2460000E3986000,CRS3035RES1000mN2460000E3986000,1,0,38185,1,0.5,0.1,0.1,0,0.3,0.1,27539.5,41.7,0.2,0.3,0.1,0.2,0.1,0.1,0,0,0,0,0.1,0.1,0.1,0.3,0.1,0.1,0.1,0.1,0
CRS3035RES200mN2460800E3986400,CRS3035RES1000mN2460000E3986000,CRS3035RES1000mN2460000E3986000,1,0,38185,9,4.1,0.9,1.3,0.3,2.6,0.7,247855.7,375.7,2,2.1,0.5,1.8,1,0.8,0,0,0.2,0.1,0.7,0.6,0.5,2.2,1.3,1.1,1,1.3,0
CRS3035RES200mN2461000E3982800,CRS3035RES1000mN2461000E3982000,CRS3035RES1000mN2461000E3982000,1,0,38185,2,0.7,0,0.1,0.1,0.5,0.1,56822,72.3,0.2,0.5,0.1,0.2,0.1,0.3,0,0,0.1,0.1,0.2,0.3,0.1,0.2,0.5,0.2,0.2,0.1,0
CRS3035RES200mN2461000E3983000,CRS3035RES1000mN2461000E3983000,CRS3035RES1000mN2461000E3983000,0,0,38185,388.5,177,16,59,12,129,17,10353565.7,16742,177,0,0,0,153,24,0,21,13,7.5,29,31.5,18.5,33,73,35,67,81,0
CRS3035RES200mN2461000E3983200,CRS3035RES1000mN2461000E3983000,CRS3035RES1000mN2461000E3983000,0,0,38185,614,334,53,163,12,183,40,12809210,20574,332,2,5,261,39,28,1,3,22,14,29,39.5,42.5,142,100,81,96,48,0
CRS3035RES200mN2461000E3983400,CRS3035RES1000mN2461000E3983000,CRS3035RES1000mN2461000E3983000,0,0,38185,226.5,116,20,56,4,63,19,5068906.4,6975,108,8,13,77,23,3,0,0,11,4.5,16,14,22,53,28,31,28,19,0
CRS3035RES200mN2461000E3983600,CRS3035RES1000mN2461000E3983000,CRS3035RES1000mN2461000E3983000,0,0,38185,363.5,210,17,120,6,113,15,9555512.4,14910,203,7,20,0,124,66,0,13,16,6,13.5,15.5,24.5,86,51,41,69,41,0
CRS3035RES200mN2461000E3983800,CRS3035RES1000mN2461000E3983000,CRS3035RES1000mN2461000E3983000,0,0,38185,272.5,148,18,74,4,72,12,6607706.3,9676,136,12,55,88,3,2,0,0,11,5,6.5,18,23,82,51,34,25,17,0
CRS3035RES200mN2461000E3984000,CRS3035RES1000mN2461000E3984000,CRS3035RES200mN2461000E3984000,0,0,38185,385,167,8,55,14,136,11,10839014.7,14017,105,62,30,45,70,22,0,1,9,8.5,24,30.5,34,64,74,61,68,12,0
CRS3035RES200mN2461000E3984200,CRS3035RES1000mN2461000E3984000,CRS3035RES200mN2461000E3984200,0,0,38185,148,54,2,11,5,44,5,4359185,5090,5,49,38,4,8,4,0,0,8,6,9,14,9,21,31,27,17,6,0
CRS3035RES200mN2461000E3984400,CRS3035RES1000mN2461000E3984000,CRS3035RES200mN2461000E3984400,0,0,38185,25,17,5,13,0,9,2,402274.8,802,17,0,17,0,0,0,0,0,1,2,1,0,1,7,5,2,3,3,0
CRS3035RES200mN2461000E3984600,CRS3035RES1000mN2461000E3984000,CRS3035RES200mN2461000E3984600,0,0,38185,471,263,65,148,14,74,35,9278131.5,16073,253,10,119,144,0,0,0,108,25.5,13,35.5,26,26,119,99,55,45,27,0
CRS3035RES200mN2461000E3984800,CRS3035RES1000mN2461000E3984000,CRS3035RES200mN2461000E3984800,0,0,38185,654.5,421,91,273,11,185,43,14076476.8,22970,415,6,143,271,6,1,0,49,17.5,12,15,38,60,193,113,66,84,56,0
CRS3035RES200mN2461000E3985000,CRS3035RES1000mN2461000E3985000,CRS3035RES200mN2461000E3985000,0,0,38185,271.5,118,13,43,10,54,19,6253485.5,8610,118,0,1,44,0,73,0,35,18,10,19,34.5,13,66,50,20,23,18,0
CRS3035RES200mN2461000E3985200,CRS3035RES1000mN2461000E3985000,CRS3035RES200mN2461000E3985200,0,0,38185,382,208,30,99,3,108,27,9372856.3,13243,198,10,16,142,8,42,0,0,17.5,9,24,18.5,28,121,71,32,48,13,0
CRS3035RES200mN2461000E3985400,CRS3035RES1000mN2461000E3985000,CRS3035RES200mN2461000E3985400,0,0,38185,493.5,268,52,135,5,127,35,11318193.2,17728,237,31,20,155,30,63,0,28,16,7,21.5,40.5,42.5,130,86,61,58,31,0
CRS3035RES200mN2461000E3985600,CRS3035RES1000mN2461000E3985000,CRS3035RES200mN2461000E3985600,0,0,38185,496.5,196,65,78,27,32,40,8474224.6,14542,187,9,154,0,42,0,0,144,34,15.5,39.5,70.5,40,93,86,50,42,19,7
CRS3035RES200mN2461000E3985800,CRS3035RES1000mN2461000E3985000,CRS3035RES200mN2461000E3985800,0,0,38185,598.5,262,116,92,17,21,48,8876589.9,17794,262,0,0,236,0,26,0,232,49.5,24,37,42,37,147,105,71,59,26,1
CRS3035RES200mN2461000E3986000,CRS3035RES1000mN2461000E3986000,CRS3035RES1000mN2461000E3986000,0,0,38185,643,220,88,80,48,0,29,9175320.9,14977,220,0,0,218,0,0,2,218,44,22,73,88,43,88,125,59,71,30,0
CRS3035RES200mN2461000E3986200,CRS3035RES1000mN2461000E3986000,CRS3035RES1000mN2461000E3986000,1,0,38185,26,10.8,2.4,3.6,0.8,2.4,1.2,696565,856.8,8.8,2,1.6,2.4,2.4,4.4,0,0.8,0.8,0,1.6,2,2.8,3.6,6.8,3.2,3.2,2,0
CRS3035RES200mN2461000E3986400,CRS3035RES1000mN2461000E3986000,CRS3035RES1000mN2461000E3986000,0,0,38185,227,122,9,63,5,105,7,5298752.4,8030,122,0,0,122,0,0,0,0,7,3,5,15,9,44,34,30,40,40,0
CRS3035RES200mN2461200E3982800,CRS3035RES1000mN2461000E3982000,CRS3035RES1000mN2461000E3982000,1,0,38185,2,0.7,0,0.1,0.1,0.5,0.1,56822,72.3,0.2,0.5,0.1,0.2,0.1,0.3,0,0,0.1,0.1,0.2,0.3,0.1,0.2,0.5,0.2,0.2,0.1,0
CRS3035RES200mN2461200E3983000,CRS3035RES1000mN2461000E3983000,CRS3035RES1000mN2461000E3983000,1,0,38185,4,2.3,0.4,1.2,0,1,0.4,82334,139.9,2.2,0.1,0.1,1.5,0,0.7,0,0,0.2,0,0.3,0.2,0.4,1.3,0.6,0.4,0.3,0.3,0
CRS3035RES200mN2461200E3983200,CRS3035RES1000mN2461000E3983000,CRS3035RES1000mN2461000E3983000,0,0,38185,617.5,304,42,134,12,183,41,14448873.5,20293,276,28,38,225,4,36,1,8,30.5,13.5,33.5,36,61,142,124,65,58,47,7
CRS3035RES200mN2461200E3983400,CRS3035RES1000mN2461000E3983000,CRS3035RES1000mN2461000E3983000,0,0,38185,550.5,284,32,148,21,169,29,14234062.6,19371,256,28,32,221,0,31,0,7,20.5,10,29,45.5,46.5,113,98,56,80,52,0
CRS3035RES200mN2461200E3983600,CRS3035RES1000mN2461000E3983000,CRS3035RES1000mN2461000E3983000,0,0,38185,593.5,319,45,171,11,153,28,14346825.5,22711,305,14,36,200,0,83,0,38,26,14.5,33,41.5,45.5,170,111,63,63,26,0
CRS3035RES200mN2461200E3983800,CRS3035RES1000mN2461000E3983000,CRS3035RES1000mN2461000E3983000,0,0,38185,552,296,48,154,9,155,26,13768609.9,21550,268,28,77,173,0,45,1,14,33,18,31.5,34.5,41,151,89,44,68,42,0
CRS3035RES200mN2461200E3984000,CRS3035RES1000mN2461000E3984000,CRS3035RES200mN2461200E3984000,0,0,38185,341,147,23,57,17,56,20,7393866,10485,145,2,21,0,114,12,0,57,19,11,25,39,29,60,66,36,46,10,0
CRS3035RES200mN2461200E3984200,CRS3035RES1000mN2461000E3984000,CRS3035RES200mN2461200E3984200,0,0,38185,121,59,3,28,4,42,3,3253893.4,4132,59,0,0,0,59,0,0,0,10,3,6,12,3,29,26,18,11,3,0
CRS3035RES200mN2461200E3984400,CRS3035RES1000mN2461000E3984000,CRS3035RES200mN2461200E3984400,0,0,38185,873.5,401,118,180,42,85,79,14691250,24912,401,0,0,309,92,0,0,237,65,31.5,72.5,86.5,55,197,145,73,91,56,1
CRS3035RES200mN2461200E3984600,CRS3035RES1000mN2461000E3984000,CRS3035RES200mN2461200E3984600,0,0,38185,721,396,65,203,13,182,44,15654031.5,24768,384,12,29,346,0,21,0,20,26,16.5,41,50,65,204,138.5,55,79,46,0
CRS3035RES200mN2461200E3984800,CRS3035RES1000mN2461000E3984000,CRS3035RES200mN2461200E3984800,0,0,38185,523.5,324,46,193,2,185,27,12491377.4,20777,322,2,3,300,12,9,0,1,17,6,25,15,45.5,143,83,49,71,69,0
CRS3035RES200mN2461200E3985000,CRS3035RES1000mN2461000E3985000,CRS3035RES200mN2461200E3985000,0,0,38185,552.5,270,36,116,11,128,35,12998831.2,19019,269,1,15,65,53,137,0,66,21,8.5,30,51,45,116,121,51,63,46,0
CRS3035RES200mN2461200E3985200,CRS3035RES1000mN2461000E3985000,CRS3035RES200mN2461200E3985200,0,0,38185,557,301,34,156,11,165,22,14437364.2,21417,281,20,18,76,110,97,0,32,17.5,12.5,23,34,42,132,109,55,76,55,1
CRS3035RES200mN2461200E3985400,CRS3035RES1000mN2461000E3985000,CRS3035RES200mN2461200E3985400,0,0,38185,381,181,34,81,8,72,21,9234965.8,13049,172,9,17,22,75,67,0,38,25,17,31.5,22,23.5,101,64,38,34,25,0
CRS3035RES200mN2461200E3985600,CRS3035RES1000mN2461000E3985000,CRS3035RES200mN2461200E3985600,0,0,38185,397.5,201,22,93,9,144,19,10174859,14825,169,32,15,151,4,31,0,0,11,7.5,23.5,31.5,29,69,76,53,69,28,0
CRS3035RES200mN2461200E3985800,CRS3035RES1000mN2461000E3985000,CRS3035RES200mN2461200E3985800,0,0,38185,676,346,71,158,14,203,49,14074324.4,22731,343,3,2,278,0,66,0,55,28,16,30.5,51.5,60,134,108,90,91,67,0
CRS3035RES200mN2461200E3986000,CRS3035RES1000mN2461000E3986000,CRS3035RES1000mN2461000E3986000,0,0,38185,186,93,22,43,5,45,12,3782084.6,5561,90,3,3,82,0,8,0,6,4,3.5,9,17.5,20,52,35,18,13,14,0
CRS3035RES200mN2461200E3986200,CRS3035RES1000mN2461000E3986000,CRS3035RES1000mN2461000E3986000,0,0,38185,101,42,11,17,5,15,8,1715495.8,2601,42,0,2,0,0,40,0,27,10,3,12,10,6,27,18,9,6,0,0
CRS3035RES200mN2461200E3986400,CRS3035RES1000mN2461000E3986000,CRS3035RES1000mN2461000E3986000,0,0,38185,574,285,97,154,27,66,43,9158955.8,18301,285,0,0,219,15,51,0,172,33,13.5,39.5,62,50,87,96,64,85,44,0
CRS3035RES200mN2461400E3983000,CRS3035RES1000mN2461000E3983000,CRS3035RES1000mN2461000E3983000,1,0,38185,175.5,99.7,19.6,50.8,2,45,16.6,3612402.9,6137.1,95.8,3.9,3.9,64.5,0,31.3,0,0,7.3,0,15.2,9.3,17.6,56.7,24.4,18.6,13.7,12.7,0
CRS3035RES200mN2461400E3983200,CRS3035RES1000mN2461000E3983000,CRS3035RES1000mN2461000E3983000,0,0,38185,525,287,45,155,9,124,23,12302839.9,17814,256,31,98,169,0,20,0,9,29,15,20.5,29,38.5,153,105,50,49,36,0
CRS3035RES200mN2461400E3983400,CRS3035RES1000mN2461000E3983000,CRS3035RES1000mN2461000E3983000,0,0,38185,369,200,29,106,7,88,20,8852110.9,13051,182,18,58,71,18,52,1,10,9,7,21.5,31.5,36,85,77,38,39,25,0
CRS3035RES200mN2461400E3983600,CRS3035RES1000mN2461000E3983000,CRS3035RES1000mN2461000E3983000,0,0,38185,449.5,272,40,163,4,135,23,11219151.7,17142,271,1,83,122,18,49,0,1,20,10,16.5,16,37,132,72,45,59,42,0
CRS3035RES200mN2461400E3983800,CRS3035RES1000mN2461000E3983000,CRS3035RES1000mN2461000E3983000,0,0,38185,668.5,410,61,246,6,207,29,17183386.1,26866,398,12,152,192,55,11,0,0,20,6.5,20,31,70,184,118,62,96,61,0
CRS3035RES200mN2461400E3984000,CRS3035RES1000mN2461000E3984000,CRS3035RES200mN2461400E3984000,0,0,38185,354.5,191,19,102,7,85,11,9963158.9,12903,176,15,52,17,37,85,0,3,15.5,10,16,23,17,115,64,39,44,11,0
CRS3035RES200mN2461400E3984200,CRS3035RES1000mN2461000E3984000,CRS3035RES200mN2461400E3984200,0,0,38185,216.5,145,32,94,1,58,12,5642782.1,8449,145,0,0,19,70,56,0,13,5,1,8.5,7.5,22.5,60,36,30,38,8,0
CRS3035RES200mN2461400E3984400,CRS3035RES1000mN2461000E3984000,CRS3035RES200mN2461400E3984400,0,0,38185,446,263,27,149,6,153,23,12360837.3,18634,252,11,15,139,31,78,0,8,11,7,17.5,28.5,40,107,85,44,55,51,0
CRS3035RES200mN2461400E3984600,CRS3035RES1000mN2461000E3984000,CRS3035RES200mN2461400E3984600,0,0,38185,905,482,75,249,17,219,50,22318083.5,31329,461,21,78,185,29,190,0,41,41,17.5,62,56,71.5,270,158,90,88,51,0
CRS3035RES200mN2461400E3984800,CRS3035RES1000mN2461000E3984000,CRS3035RES200mN2461400E3984800,0,0,38185,667,322,26,136,15,173,25,18750294,24958,314,8,6,88,68,160,0,51,27.5,15,52.5,53,35,137,144,57,89,56,1
CRS3035RES200mN2461400E3985000,CRS3035RES1000mN2461000E3985000,CRS3035RES200mN2461400E3985000,0,0,38185,275.5,167,18,102,2,94,12,7314926.1,12080,165,2,5,141,13,8,0,0,8,4,5,16,23.5,66,51,31,37,34,0
CRS3035RES200mN2461400E3985200,CRS3035RES1000mN2461000E3985000,CRS3035RES200mN2461400E3985200,0,0,38185,347.5,172,30,79,10,68,28,8266993.3,11880,152,20,18,62,15,77,0,25,20,11.5,18,31,31,87,62,43,30,14,0
CRS3035RES200mN2461400E3985400,CRS3035RES1000mN2461000E3985000,CRS3035RES200mN2461400E3985400,0,0,38185,431,224,35,118,10,123,9,12568705.8,16291,192,32,48,65,66,45,0,8,18,10,26.5,20.5,35,97,88,56,52,28,0
CRS3035RES200mN2461400E3985600,CRS3035RES1000mN2461000E3985000,CRS3035RES200mN2461400E3985600,0,0,38185,166.5,80,7,33,3,46,2,5018900.5,6331,50,30,47,12,7,14,0,0,4,1,7,11.5,16,37,41,14,27,8,0
CRS3035RES200mN2461400E3985800,CRS3035RES1000mN2461000E3985000,CRS3035RES200mN2461400E3985800,0,0,38185,460.5,255,34,137,9,143,25,10694087.4,16255,238,17,11,130,25,89,0,16,15.5,15,26,29,43,128,75,56,48,24,1
CRS3035RES200mN2461400E3986000,CRS3035RES1000mN2461000E3986000,CRS3035RES1000mN2461000E3986000,0,0,38185,412.5,236,71,137,12,34,31,7314050.6,13495,228,8,0,233,3,0,0,168,15,6.5,23.5,31.5,26,71,79,65,67,28,0
CRS3035RES200mN2461400E3986200,CRS3035RES1000mN2461000E3986000,CRS3035RES1000mN2461000E3986000,0,0,38185,468.5,209,36,85,17,77,29,9663558.9,13924,201,8,21,25,1,162,0,55,54.5,23.5,28,28,32.5,162,70,37,26,7,0
CRS3035RES200mN2461400E3986400,CRS3035RES1000mN2461000E3986000,CRS3035RES1000mN2461000E3986000,0,0,38185,128.5,51,19,18,9,10,14,2118787.8,3944,38,13,15,2,0,34,0,40,13,3,16,14,13.5,26,23,8,7,5,0
CRS3035RES200mN2461600E3983000,CRS3035RES1000mN2461000E3983000,CRS3035RES1000mN2461000E3983000,0,0,38185,1348,777,128,435,18,424,69,29763097.5,47752,777,0,0,340,411,25,1,31,34,17,63,75.5,130.5,339,229,152,199,109,0
CRS3035RES200mN2461600E3983200,CRS3035RES1000mN2461000E3983000,CRS3035RES1000mN2461000E3983000,0,0,38185,714.5,431,85,262,11,148,40,14968637.2,24190,423,8,17,392,0,22,0,5,23.5,10.5,20,42.5,94,226,112,61,62,62,1
CRS3035RES200mN2461600E3983400,CRS3035RES1000mN2461000E3983000,CRS3035RES1000mN2461000E3983000,0,0,38185,1060.5,532,80,250,23,250,69,22402595.4,33455,518,14,76,422,1,33,0,99,55.5,30.5,79.5,71.5,89.5,273,178,100,110,73,0
CRS3035RES200mN2461600E3983600,CRS3035RES1000mN2461000E3983000,CRS3035RES1000mN2461000E3983000,0,0,38185,396.5,238,45,143,8,108,23,8798955.7,14229,238,0,1,235,0,1,1,0,13.5,8,17,20,32,138,59,41,44,23,1
CRS3035RES200mN2461600E3983800,CRS3035RES1000mN2461000E3983000,CRS3035RES1000mN2461000E3983000,0,0,38185,842,517,85,300,8,246,35,20644065.2,33097,514,3,216,266,0,35,0,1,33,12,24,37,74,301,136,78,86,61,0
CRS3035RES200mN2461600E3984000,CRS3035RES1000mN2461000E3984000,CRS3035RES200mN2461600E3984000,0,0,38185,1233,693,103,365,19,343,63,29161052.3,45564,693,0,37,580,0,76,0,2,52.5,14.5,59.5,65.5,129,367,197,105,151,92,0
CRS3035RES200mN2461600E3984200,CRS3035RES1000mN2461000E3984000,CRS3035RES200mN2461600E3984200,0,0,38185,680.5,412,78,256,5,154,29,15974696.3,24107,412,0,2,333,25,52,0,16,26,20.5,20.5,30.5,87,214,106,50,86,40,0
CRS3035RES200mN2461600E3984400,CRS3035RES1000mN2461000E3984000,CRS3035RES200mN2461600E3984400,0,0,38185,1089.5,636,97,363,6,301,48,26257080.2,40228,629,7,58,563,4,10,1,0,64.5,14.5,40.5,43,97,350,182,82,139,77,0
CRS3035RES200mN2461600E3984600,CRS3035RES1000mN2461000E3984000,CRS3035RES200mN2461600E3984600,0,0,38185,445,279,72,173,3,115,25,10166558,16043,275,4,5,211,21,42,0,30,15,5,16,17.5,43.5,133,67,51,56,41,0
CRS3035RES200mN2461600E3984800,CRS3035RES1000mN2461000E3984000,CRS3035RES200mN2461600E3984800,0,0,38185,768.5,416,43,210,10,196,38,19602276,30128,413,3,35,263,101,17,0,40,38,14.5,25,53.5,68.5,204,136,76,88,65,0
CRS3035RES200mN2461600E3985000,CRS3035RES1000mN2461000E3985000,CRS3035RES200mN2461600E3985000,0,0,38185,700.5,393,57,220,15,180,23,17737403.2,26297,384,9,7,303,0,83,0,20,26.5,19,35.5,36.5,67,225,120,51,77,43,0
CRS3035RES200mN2461600E3985200,CRS3035RES1000mN2461000E3985000,CRS3035RES200mN2461600E3985200,0,0,38185,929.5,486,67,238,20,223,34,24245804.8,37147,475,11,49,285,66,85,1,22,50.5,21,47,49.5,84.5,235,156,72,131,83,0
CRS3035RES200mN2461600E3985400,CRS3035RES1000mN2461000E3985000,CRS3035RES200mN2461600E3985400,0,0,38185,543,289,40,137,8,136,31,14447531.8,21447,276,13,12,172,27,78,0,33,26,10,24.5,28,52.5,146,83,51,78,44,0
CRS3035RES200mN2461600E3985600,CRS3035RES1000mN2461000E3985000,CRS3035RES200mN2461600E3985600,0,0,38185,265,129,8,52,8,81,9,7691289.3,10834,87,42,52,40,24,13,0,0,12,1,7,22,20,67,49,34,38,15,0
CRS3035RES200mN2461600E3985800,CRS3035RES1000mN2461000E3985000,CRS3035RES200mN2461600E3985800,0,0,38185,330,171,23,85,5,81,12,7944843.6,11097,143,28,28,68,4,68,3,10,13,12,11.5,22,29,101.5,66,31,33,11,0
CRS3035RES200mN2461600E3986000,CRS3035RES1000mN2461000E3986000,CRS3035RES1000mN2461000E3986000,0,0,38185,455.5,246,38,124,7,120,10,11389282,16601,221,25,24,96,3,123,0,0,24,10.5,15.5,20,38.5,132,71,42,58,43,1
CRS3035RES200mN2461600E3986200,CRS3035RES1000mN2461000E3986000,CRS3035RES1000mN2461000E3986000,0,0,38185,473.5,267,37,148,4,149,24,11539818.9,17167,240,27,20,109,45,93,0,13,14,9.5,22,21,49,109,78,52,60,59,0
CRS3035RES200mN2461800E3982800,CRS3035RES1000mN2461000E3982000,CRS3035RES1000mN2461000E3982000,0,0,38185,50,26,1,12,0,18,4,1324473.9,1720,26,0,0,0,26,0,0,0,1,4,2,3,7,11,7,8,2,5,0
CRS3035RES200mN2461800E3983000,CRS3035RES1000mN2461000E3983000,CRS3035RES1000mN2461000E3983000,0,0,38185,515,259,39,114,11,151,29,12965781.7,20258,254,5,13,181,29,36,0,27,11.5,7,39.5,40,32,109,101,54,80,41,0
CRS3035RES200mN2461800E3983200,CRS3035RES1000mN2461000E3983000,CRS3035RES1000mN2461000E3983000,0,0,38185,611,328,68,161,9,167,37,13039677.3,19641,297,31,63,227,1,37,0,20,30,15,29,30,62,172,101,64,58,49,1
CRS3035RES200mN2461800E3983400,CRS3035RES1000mN2461000E3983000,CRS3035RES1000mN2461000E3983000,0,0,38185,399,232,41,136,7,118,17,9053721.3,12914,219,13,107,87,1,37,0,0,17,6.5,15.5,29,32,124,75,40,39,21,0
CRS3035RES200mN2461800E3983600,CRS3035RES1000mN2461000E3983000,CRS3035RES1000mN2461000E3983000,0,0,38185,1313.5,702,85,360,26,263,53,34198027.3,44043,699,3,140,44,1,517,0,125,75,33,64,71,91.5,426,258,116,122,56,1
CRS3035RES200mN2461800E3983800,CRS3035RES1000mN2461000E3983000,CRS3035RES1000mN2461000E3983000,0,0,38185,938,597,79,364,5,274,40,24285979.6,36762,592,5,238,198,108,53,0,1,29,9,30.5,35.5,94,304,156,89,126,65,0
CRS3035RES200mN2461800E3984000,CRS3035RES1000mN2461000E3984000,CRS3035RES200mN2461800E3984000,0,0,38185,666,385,63,222,10,177,29,15465099.6,24851,380,5,80,303,0,2,0,1,36,11,28,33,69,222,102,56,59,49,1
CRS3035RES200mN2461800E3984200,CRS3035RES1000mN2461000E3984000,CRS3035RES200mN2461800E3984200,0,0,38185,691.5,341,47,158,11,142,35,17983048.3,23605,337,4,91,113,0,137,0,28,35,22,41.5,53,59,183,141,62,67,28,0
CRS3035RES200mN2461800E3984400,CRS3035RES1000mN2461000E3984000,CRS3035RES200mN2461800E3984400,0,0,38185,705,348,55,177,21,52,45,15873548.9,21832,348,0,0,32,0,316,0,157,35,21,49.5,72,46.5,164,152,53,64,48,0
CRS3035RES200mN2461800E3984600,CRS3035RES1000mN2461000E3984000,CRS3035RES200mN2461800E3984600,0,0,38185,1363.5,612,74,238,40,239,72,36252617.3,45617,611,1,18,185,21,388,0,142,73.5,37,92.5,143.5,101,378,283,93,116,45,1
CRS3035RES200mN2461800E3984800,CRS3035RES1000mN2461000E3984000,CRS3035RES200mN2461800E3984800,0,0,38185,893,463,65,236,17,241,36,23358678.2,36277,462,1,130,269,0,64,0,16,49,19.5,48.5,62.5,72.5,240,162,57,108,70,4
CRS3035RES200mN2461800E3985000,CRS3035RES1000mN2461000E3985000,CRS3035RES200mN2461800E3985000,0,0,38185,705,423,75,257,10,184,26,17624588.5,27963,422,1,68,330,0,25,0,0,29,13,22,27,77,206,103,68,93,67,0
CRS3035RES200mN2461800E3985200,CRS3035RES1000mN2461000E3985000,CRS3035RES200mN2461800E3985200,0,0,38185,848,450,63,217,13,223,50,21016147.5,33993,450,0,137,310,0,3,0,55,33,15,46.5,58.5,72,209,148,77,108,81,0
CRS3035RES200mN2461800E3985400,CRS3035RES1000mN2461000E3985000,CRS3035RES200mN2461800E3985400,0,0,38185,400.5,242,19,141,1,134,18,10750926.6,16069,241,1,170,1,31,40,0,0,10,5,19.5,23,21,107,84,54,52,25,0
CRS3035RES200mN2461800E3985600,CRS3035RES1000mN2461000E3985000,CRS3035RES200mN2461800E3985600,0,0,38185,472,276,46,159,3,134,20,11791995.4,17888,276,0,76,117,83,0,0,57,22,9,12,21,30,126,69,49,76,58,0
CRS3035RES200mN2461800E3985800,CRS3035RES1000mN2461000E3985000,CRS3035RES200mN2461800E3985800,0,0,38185,241.5,123,14,53,6,73,10,6033855.2,7906,107,16,16,85,13,9,0,0,8.5,2.5,11.5,19,16,77,46,23,25,11,2
CRS3035RES200mN2461800E3986000,CRS3035RES1000mN2461000E3986000,CRS3035RES1000mN2461000E3986000,0,0,38185,430.5,242,47,135,6,116,24,9733767.2,14835,215,27,41,116,59,26,0,10,10,4.5,22,36,41,99,79,54,54,31,0
CRS3035RES200mN2461800E3986200,CRS3035RES1000mN2461000E3986000,CRS3035RES1000mN2461000E3986000,0,0,38185,477.5,250,35,122,7,136,23,11701706.9,17200,226,24,7,54,92,97,0,43,20,9.5,23,29,37,99,89,55,68,48,0
CRS3035RES200mN2462000E3983000,CRS3035RES1000mN2462000E3983000,CRS3035RES1000mN2462000E3983000,0,0,38185,764,336,46,123,29,56,58,16910907.8,22510,333,3,15,4,33,284,0,104,55.5,23,59.5,88,49.5,226.5,147,51,49,15,0
CRS3035RES200mN2462000E3983200,CRS3035RES1000mN2462000E3983000,CRS3035RES1000mN2462000E3983000,0,0,38185,523,261,64,130,13,80,39,11261996.9,16139,229,32,95,48,2,114,2,81,19,18.5,33,48.5,57,136,93,59,41,18,0
CRS3035RES200mN2462000E3983400,CRS3035RES1000mN2462000E3983000,CRS3035RES1000mN2462000E3983000,0,0,38185,452,256,47,147,4,127,16,11532980,15518,224,32,124,46,29,57,0,24,14,9.5,26,24,38.5,115,94,56,51,24,0
CRS3035RES200mN2462000E3983600,CRS3035RES1000mN2462000E3983000,CRS3035RES1000mN2462000E3983000,0,0,38185,427.5,240,39,122,7,83,32,9631190.7,14435,237,3,13,84,56,86,1,90,23,5,24.5,22,26,116,77,63,50,21,0
CRS3035RES200mN2462000E3983800,CRS3035RES1000mN2462000E3983000,CRS3035RES1000mN2462000E3983000,0,0,38185,574,352,45,204,1,189,22,15732986.2,21652,351,1,133,24,122,72,1,1,20,10,13,23,45,166,93,74,78,52,0
CRS3035RES200mN2462000E3984000,CRS3035RES1000mN2462000E3984000,CRS3035RES1000mN2462000E3984000,0,0,38185,712,442,73,276,7,167,38,18106755.8,26884,437,5,220,113,7,102,0,21,32.5,15,25,33,72.5,229,143,61,68,33,0
CRS3035RES200mN2462000E3984200,CRS3035RES1000mN2462000E3984000,CRS3035RES1000mN2462000E3984000,0,0,38185,1073.5,582,72,308,20,294,53,30317527.5,42103,575,7,323,176,0,81,2,34,50,26,36.5,60.5,95.5,302,191,118,116,78,0
CRS3035RES200mN2462000E3984400,CRS3035RES1000mN2462000E3984000,CRS3035RES1000mN2462000E3984000,0,0,38185,494,308,44,197,5,107,18,13172668.8,16940,300,8,195,49,7,57,0,4,17,9.5,13.5,33.5,39.5,214,83,30,41,13,0
CRS3035RES200mN2462000E3984600,CRS3035RES1000mN2462000E3984000,CRS3035RES1000mN2462000E3984000,1,0,38185,1,0.6,0.1,0.3,0,0.3,0,28699.3,44.2,0.6,0,0.5,0,0,0.1,0,0,0,0,0.1,0.1,0.1,0.2,0.2,0.1,0.1,0.1,0
CRS3035RES200mN2462000E3984800,CRS3035RES1000mN2462000E3984000,CRS3035RES1000mN2462000E3984000,0,0,38185,323.5,116,28,44,19,4,20,5539038.8,9465,116,0,0,0,108,8,0,106,15,8,29,41,32,48.5,60,26,34,16,14
CRS3035RES200mN2462000E3985000,CRS3035RES1000mN2462000E3985000,CRS3035RES200mN2462000E3985000,0,0,38185,702,288,81,127,47,0,46,11611253.7,23249,288,0,0,1,256,31,0,287,30,21,62,98,55,89,162,88,69,27,1
CRS3035RES200mN2462000E3985200,CRS3035RES1000mN2462000E3985000,CRS3035RES200mN2462000E3985200,0,0,38185,443,236,19,105,5,158,17,14585009.2,22321,236,0,0,235,0,0,1,0,20,6,16.5,12.5,36,80,64,51,84,73,0
CRS3035RES200mN2462000E3985800,CRS3035RES1000mN2462000E3985000,CRS3035RES200mN2462000E3985800,0,0,38185,263.5,139,17,75,4,83,14,6074786.1,9174,131,8,3,121,0,15,0,5,10,8,11.5,24,17,81,61,12,14,25,0
CRS3035RES200mN2462000E3986000,CRS3035RES1000mN2462000E3986000,CRS3035RES1000mN2462000E3986000,0,0,38185,322.5,174,35,96,11,71,8,7663431.2,11786,155,19,21,69,41,43,0,19,16,8.5,20,9.5,24.5,106,48,27,45,18,0
CRS3035RES200mN2462200E3983000,CRS3035RES1000mN2462000E3983000,CRS3035RES1000mN2462000E3983000,0,0,38185,376,207,37,112,10,45,14,8538910.3,11586,201,6,60,40,0,107,0,23,19,10,20.5,18.5,39,154,69,23,14,9,0
CRS3035RES200mN2462200E3983200,CRS3035RES1000mN2462000E3983000,CRS3035RES1000mN2462000E3983000,0,0,38185,505,271,50,141,9,131,34,11921513.6,17122,220,51,169,51,27,24,0,31,16.5,7.5,22,35,39,140,105,54,59,27,0
CRS3035RES200mN2462200E3983400,CRS3035RES1000mN2462000E3983000,CRS3035RES1000mN2462000E3983000,0,0,38185,543,305,58,177,15,114,40,12528154,17893,280,25,79,86,17,123,0,26,23.5,12,32.5,49,42,158,126,44,31,25,0
CRS3035RES200mN2462200E3983600,CRS3035RES1000mN2462000E3983000,CRS3035RES1000mN2462000E3983000,0,0,38185,776,399,68,189,18,181,41,19602071.1,26324,394,5,62,71,10,256,0,92,34,17.5,36.5,59,55,195,149,88,104,38,0
CRS3035RES200mN2462200E3983800,CRS3035RES1000mN2462000E3983000,CRS3035RES1000mN2462000E3983000,0,0,38185,833,394,86,190,27,108,47,19612597,25981,388,6,146,47,27,171,3,55,43.5,15.5,63.5,83.5,67,238,182,62,56,22,0
CRS3035RES200mN2462200E3984000,CRS3035RES1000mN2462000E3984000,CRS3035RES1000mN2462000E3984000,0,0,38185,727,447,92,268,5,166,50,17571533.4,26099,440,7,328,50,23,27,19,20,18,14,25,47.5,91.5,254,139,61,48,29,0
CRS3035RES200mN2462200E3984200,CRS3035RES1000mN2462000E3984000,CRS3035RES1000mN2462000E3984000,0,0,38185,958,523,62,284,16,254,40,26649935.4,37093,509,14,375,102,12,33,1,12,37,26.5,41.5,54,86,306,173,80,104,50,0
CRS3035RES200mN2462200E3984400,CRS3035RES1000mN2462000E3984000,CRS3035RES1000mN2462000E3984000,0,0,38185,954,580,92,354,7,223,36,24406672.5,34048,574,6,446,43,41,49,1,12,44,11,36.5,45.5,77,352,184,77,80,47,0
CRS3035RES200mN2462200E3984600,CRS3035RES1000mN2462000E3984000,CRS3035RES1000mN2462000E3984000,1,0,38185,170,95.4,11.9,52.7,3,46.7,7,4878872.7,7506.8,94.4,1,81.5,4.9,4,5,0,0,7,2,10.4,9.9,15.4,39.8,42.8,14.9,12.9,14.9,0
CRS3035RES200mN2462200E3984800,CRS3035RES1000mN2462000E3984000,CRS3035RES1000mN2462000E3984000,0,0,38185,666.5,298,39,112,18,94,45,17154965.9,23178,298,0,42,61,0,195,0,87,24,19,59.5,68,56,179,127,54,50,29,1
CRS3035RES200mN2462200E3985000,CRS3035RES1000mN2462000E3985000,CRS3035RES200mN2462200E3985000,0,0,38185,284.5,157,16,86,7,68,14,7963578.5,12568,156,1,109,27,21,0,0,15,7,6,13,19,29.5,67,50,27,52,14,0
CRS3035RES200mN2462200E3985200,CRS3035RES1000mN2462000E3985000,CRS3035RES200mN2462200E3985200,0,0,38185,356.5,191,17,98,4,88,18,9646471.2,14297,190,1,53,92,22,23,1,15,16,3,22,26.5,35,99,62,29,38,26,0
CRS3035RES200mN2462200E3985400,CRS3035RES1000mN2462000E3985000,CRS3035RES200mN2462200E3985400,0,0,38185,28,17,3,10,0,7,2,820866.1,1371,17,0,17,0,0,0,0,0,0,0,0,2,5,6,6,3,3,3,0
CRS3035RES200mN2462200E3986000,CRS3035RES1000mN2462000E3986000,CRS3035RES1000mN2462000E3986000,0,0,38185,631.5,385,80,227,10,141,37,13442575.6,23272,385,0,30,252,16,87,0,29,18.5,13.5,19.5,22.5,88.5,226,85,51,60,47,0
CRS3035RES200mN2462400E3983000,CRS3035RES1000mN2462000E3983000,CRS3035RES1000mN2462000E3983000,0,0,38185,510.5,244,42,111,17,41,32,10937964.7,15288,244,0,31,25,0,187,1,96,29,11.5,51.5,45.5,30,162,112,29,25,15,0
CRS3035RES200mN2462400E3983200,CRS3035RES1000mN2462000E3983000,CRS3035RES1000mN2462000E3983000,0,0,38185,634,337,55,172,13,119,43,14030691,20081,312,25,135,128,24,50,0,66,38,16.5,35.5,45,45,191,124,64,51,24,0
CRS3035RES200mN2462400E3983400,CRS3035RES1000mN2462000E3983000,CRS3035RES1000mN2462000E3983000,0,0,38185,367.5,200,43,112,8,84,20,8352635.8,11814,177,23,156,8,3,33,0,45,12,7.5,21,31.5,27.5,83,91,44,40,10,0
CRS3035RES200mN2462400E3983600,CRS3035RES1000mN2462000E3983000,CRS3035RES1000mN2462000E3983000,0,0,38185,629.5,431,113,303,6,135,26,13665109,22258,423,8,206,79,25,120,1,109,17,10,31,18,45.5,196,131,62,79,40,0
CRS3035RES200mN2462400E3983800,CRS3035RES1000mN2462000E3983000,CRS3035RES1000mN2462000E3983000,0,0,38185,550.5,356,94,237,7,119,31,11700917.9,18704,356,0,186,42,28,98,2,36,18,13,22.5,21,59,204,98,45,52,18,0
CRS3035RES200mN2462400E3984000,CRS3035RES1000mN2462000E3984000,CRS3035RES1000mN2462000E3984000,0,0,38185,931.5,596,143,388,12,178,39,21127442.3,30915,587,9,438,30,1,127,0,62,30.5,15,39,41.5,128.5,314,172,68,75,48,0
CRS3035RES200mN2462400E3984200,CRS3035RES1000mN2462000E3984000,CRS3035RES1000mN2462000E3984000,0,0,38185,896.5,498,59,263,15,225,35,25650894.9,36003,494,4,293,100,25,80,0,9,44,15.5,40,50,83,281,165,60,105,53,0
CRS3035RES200mN2462400E3984400,CRS3035RES1000mN2462000E3984000,CRS3035RES1000mN2462000E3984000,0,0,38185,849,461,73,245,16,196,44,23543110.2,32928,449,12,412,17,0,29,3,7,28.5,10,40.5,57,112,258,162,74,74,33,0
CRS3035RES200mN2462400E3984600,CRS3035RES1000mN2462000E3984000,CRS3035RES1000mN2462000E3984000,0,0,38185,208,100,11,37,4,53,10,7188139.6,10503,98,2,88,4,0,8,0,0,6,1,12,16,20,44,38,26,33,12,0
CRS3035RES200mN2462400E3984800,CRS3035RES1000mN2462000E3984000,CRS3035RES1000mN2462000E3984000,0,0,38185,467.5,236,25,104,12,139,20,15426455.3,21944,235,1,165,43,21,7,0,1,13,8,23.5,32,42,105,87,57,74,26,0
CRS3035RES200mN2462400E3985000,CRS3035RES1000mN2462000E3985000,CRS3035RES200mN2462400E3985000,0,0,38185,623,308,32,134,21,176,27,20128604.1,29301,305,3,205,34,24,45,0,17,14,8,38.5,47.5,63,124,112,60,106,50,0
CRS3035RES200mN2462400E3985200,CRS3035RES1000mN2462000E3985000,CRS3035RES200mN2462400E3985200,0,0,38185,122,66,10,32,1,39,4,4107042.2,5910,62,4,56,4,5,0,1,0,7,2,3,7,11,29,19,16,23,5,0
CRS3035RES200mN2462400E3985400,CRS3035RES1000mN2462000E3985000,CRS3035RES200mN2462400E3985400,0,0,38185,267,135,13,64,5,78,10,8246596.2,11238,132,3,73,31,24,6,1,0,8,10,13.5,14.5,23,57,49,24,44,24,0
CRS3035RES200mN2462400E3985600,CRS3035RES1000mN2462000E3985000,CRS3035RES200mN2462400E3985600,0,0,38185,95,56,12,30,0,23,9,2222869.3,3230,56,0,0,56,0,0,0,0,3,3,1.5,0.5,18,29,13,11,10,6,0
CRS3035RES200mN2462600E3983000,CRS3035RES1000mN2462000E3983000,CRS3035RES1000mN2462000E3983000,0,0,38185,389.5,192,37,86,11,97,27,8416310.2,12913,189,3,25,140,0,27,0,25,28,11,30,19,30.5,96,74,39,34,28,0
CRS3035RES200mN2462600E3983200,CRS3035RES1000mN2462000E3983000,CRS3035RES1000mN2462000E3983000,0,0,38185,631.5,376,98,239,12,114,33,13138572.4,20105,354,22,243,36,0,97,0,56,18.5,12,31,37.5,71.5,226,108,50,55,22,0
CRS3035RES200mN2462600E3983400,CRS3035RES1000mN2462000E3983000,CRS3035RES1000mN2462000E3983000,0,0,38185,712,422,63,243,10,172,38,18850438.1,26299,420,2,105,47,99,171,0,43,21.5,12,30.5,42,77,216,147,68,68,30,0
CRS3035RES200mN2462600E3983600,CRS3035RES1000mN2462000E3983000,CRS3035RES1000mN2462000E3983000,0,0,38185,563,338,69,199,9,130,25,14181286.7,19628,335,3,163,28,82,65,0,17,25,9,19.5,21,66.5,175,101,55,59,32,0
CRS3035RES200mN2462600E3983800,CRS3035RES1000mN2462000E3983000,CRS3035RES1000mN2462000E3983000,0,0,38185,394,232,76,148,10,66,16,8657096.9,12629,232,0,100,0,21,111,0,30,13.5,3,18.5,28,73,110,67,38,35,8,0
CRS3035RES200mN2462600E3984000,CRS3035RES1000mN2462000E3984000,CRS3035RES1000mN2462000E3984000,0,0,38185,625.5,355,63,202,8,137,18,16746050.4,23107,353,2,225,46,24,59,1,22,23,12,26.5,36,57,196,102,49,76,47,1
CRS3035RES200mN2462600E3984200,CRS3035RES1000mN2462000E3984000,CRS3035RES1000mN2462000E3984000,0,0,38185,593.5,307,37,149,13,162,21,18918275.8,27265,305,2,208,78,0,20,1,0,15,10.5,35.5,41.5,57,134,106,62,94,37,1
CRS3035RES200mN2462600E3984400,CRS3035RES1000mN2462000E3984000,CRS3035RES1000mN2462000E3984000,0,0,38185,799,415,47,196,16,210,33,26249080.6,37670,415,0,287,91,8,29,0,0,21.5,11,35.5,58.5,93.5,176,165,83,96,59,0
CRS3035RES200mN2462600E3984600,CRS3035RES1000mN2462000E3984000,CRS3035RES1000mN2462000E3984000,0,0,38185,310.5,170,24,75,2,77,18,9807994.4,15209,167,3,161,9,0,0,0,0,6,3,10,18,32.5,78,52,40,55,16,0
CRS3035RES200mN2462600E3984800,CRS3035RES1000mN2462000E3984000,CRS3035RES1000mN2462000E3984000,0,0,38185,692,393,89,221,15,130,46,17845860.8,27443,389,4,332,41,18,1,1,53,10,5,16.5,54,117.5,167,143,72,73,34,0
CRS3035RES200mN2462600E3985000,CRS3035RES1000mN2462000E3985000,CRS3035RES200mN2462600E3985000,0,0,38185,324,179,35,94,8,70,21,8919391.4,14728,178,1,128,44,0,7,0,56,13,3.5,14.5,26,20,68,67,33,57,22,0
CRS3035RES200mN2462600E3985200,CRS3035RES1000mN2462000E3985000,CRS3035RES200mN2462600E3985200,0,0,38185,356.5,156,24,61,14,64,23,10778414.5,15726,156,0,134,4,13,5,0,19,7,6,17,42,49.5,60,77,45,44,9,0
CRS3035RES200mN2462600E3985400,CRS3035RES1000mN2462000E3985000,CRS3035RES200mN2462600E3985400,0,0,38185,475.5,211,17,83,15,112,17,14974614.6,19208,209,2,142,29,6,33,1,0,16,6,27,43,54.5,79,102,64,60,24,0
CRS3035RES200mN2462600E3985600,CRS3035RES1000mN2462000E3985000,CRS3035RES200mN2462600E3985600,0,0,38185,958.5,490,64,228,18,193,57,25137316.6,36173,490,0,0,39,451,0,0,208,33,10,35.5,72,78.5,142.5,163,114,190,120,0
CRS3035RES200mN2462800E3983000,CRS3035RES1000mN2462000E3983000,CRS3035RES1000mN2462000E3983000,1,0,38185,124.5,81.1,17.7,54.1,1.9,25.2,6.5,2622251.4,4853.2,80.2,0.9,64.3,13.1,0,3.7,0,0,1.9,1.9,6.1,4.7,18.6,45.7,23.3,9.3,7.4,5.6,0
CRS3035RES200mN2462800E3983200,CRS3035RES1000mN2462000E3983000,CRS3035RES1000mN2462000E3983000,0,0,38185,718,372,53,181,16,175,42,18044077.6,24077,365,7,73,83,131,85,0,40,47.5,11,42,48.5,54,204,147,53,83,28,0
CRS3035RES200mN2462800E3983400,CRS3035RES1000mN2462000E3983000,CRS3035RES1000mN2462000E3983000,0,0,38185,1125.5,617,109,336,20,194,52,27117488.7,37444,616,1,54,166,76,321,0,160,57.5,27,69,58,93,342,219,105,107,47,1
CRS3035RES200mN2462800E3983600,CRS3035RES1000mN2462000E3983000,CRS3035RES1000mN2462000E3983000,0,0,38185,264.5,128,16,61,7,50,8,6806104.7,8439,128,0,9,41,15,63,0,23,9,9,11,25.5,15,92,49,18,27,9,0
CRS3035RES200mN2462800E3983800,CRS3035RES1000mN2462000E3983000,CRS3035RES1000mN2462000E3983000,1,0,38185,9,5.9,1.3,3.9,0.1,1.8,0.5,189560.3,350.8,5.8,0.1,4.7,0.9,0,0.3,0,0,0.1,0.1,0.4,0.3,1.4,3.3,1.7,0.7,0.6,0.4,0
CRS3035RES200mN2462800E3984000,CRS3035RES1000mN2462000E3984000,CRS3035RES1000mN2462000E3984000,0,0,38185,491.5,274,51,157,11,122,17,12710544.2,19405,273,1,130,64,78,2,0,16,18,15,24,29.5,59,134,71,49,64,28,0
CRS3035RES200mN2462800E3984200,CRS3035RES1000mN2462000E3984000,CRS3035RES1000mN2462000E3984000,0,0,38185,515,294,46,169,11,114,21,14310966.9,20472,291,3,155,56,6,77,0,20,21,13,14,23,65,151,103,54,45,25,1
CRS3035RES200mN2462800E3984400,CRS3035RES1000mN2462000E3984000,CRS3035RES1000mN2462000E3984000,0,0,38185,809.5,391,47,157,18,214,35,24867834.1,35460,387,4,318,12,28,31,2,28,38,13.5,29.5,61,76.5,168,151,87,126,58,1
CRS3035RES200mN2462800E3984600,CRS3035RES1000mN2462000E3984000,CRS3035RES1000mN2462000E3984000,0,0,38185,645.5,340,53,172,13,135,39,18154213.3,28694,340,0,144,119,54,22,1,53,26,19,29.5,46,63,131,112,67,100,52,0
CRS3035RES200mN2462800E3984800,CRS3035RES1000mN2462000E3984000,CRS3035RES1000mN2462000E3984000,0,0,38185,450,254,56,149,7,97,15,12113337.2,16892,254,0,185,49,1,19,0,13,17,10.5,24.5,25.5,56.5,139,74,39,48,16,0
CRS3035RES200mN2462800E3985000,CRS3035RES1000mN2462000E3985000,CRS3035RES200mN2462800E3985000,0,0,38185,789.5,424,59,222,23,202,36,23575195.8,35088,423,1,321,73,23,6,1,6,18,10,29.5,57,100,201,139,84,98,50,3
CRS3035RES200mN2462800E3985200,CRS3035RES1000mN2462000E3985000,CRS3035RES200mN2462800E3985200,0,0,38185,961,496,100,253,27,211,60,25442322.7,38643,495,1,260,73,52,111,0,113,29,25,36,80,94,209,176,109,166,37,0
CRS3035RES200mN2462800E3985400,CRS3035RES1000mN2462000E3985000,CRS3035RES200mN2462800E3985400,0,0,38185,440.5,172,89,69,24,4,17,6348428.6,10973,172,0,23,0,96,53,0,166,17,7,25.5,44,21,60,69,57,105,26,9
CRS3035RES200mN2462800E3985600,CRS3035RES1000mN2462000E3985000,CRS3035RES200mN2462800E3985600,0,0,38185,243.5,102,6,33,6,81,11,7438522.3,10882,102,0,0,100,0,2,0,0,12,8,17.5,19.5,18.5,61,33,26,27,20,1
CRS3035RES200mN2462800E3985800,CRS3035RES1000mN2462000E3985000,CRS3035RES200mN2462800E3985800,0,0,38185,218,120,17,62,5,65,12,5265774.4,7144,120,0,2,117,0,1,0,0,8.5,2,13,8.5,24,76,26,17,26,17,0
CRS3035RES200mN2463000E3983000,CRS3035RES1000mN2463000E3983000,CRS3035RES1000mN2463000E3983000,1,0,38185,52.5,31.6,6,20.5,1.7,13.7,2.6,1077506.1,1727.8,31.6,0,12,6.8,0,12.8,0,0.9,0.9,0.9,2.6,4.7,8.5,10.2,12.8,5.1,6.8,0,0
CRS3035RES200mN2463000E3983200,CRS3035RES1000mN2463000E3983000,CRS3035RES1000mN2463000E3983000,0,0,38185,92,58,5,38,2,32,2,2359448.5,3419,56,2,21,0,37,0,0,1,0,1,0,6,10,22,19,16,12,6,0
CRS3035RES200mN2463000E3983400,CRS3035RES1000mN2463000E3983000,CRS3035RES1000mN2463000E3983000,0,0,38185,733,405,42,211,5,135,44,19359920,24079,405,0,0,0,91,314,0,62,40,15.5,33,47.5,58,286,165,42,38,8,0
CRS3035RES200mN2463000E3983600,CRS3035RES1000mN2463000E3983000,CRS3035RES1000mN2463000E3983000,0,0,38185,108.5,54,5,24,2,23,8,3217111.2,3985,54,0,0,0,0,54,0,15,11,1.5,5,4.5,6.5,33,25,12,9,1,0
CRS3035RES200mN2463000E3983800,CRS3035RES1000mN2463000E3983000,CRS3035RES1000mN2463000E3983000,0,0,38185,270,178,29,116,2,71,11,7260940,10269,176,2,48,5,70,55,0,6,8,4,6.5,4.5,31,97,43,39,26,11,0
CRS3035RES200mN2463000E3984000,CRS3035RES1000mN2463000E3984000,CRS3035RES1000mN2463000E3984000,0,0,38185,401.5,214,30,113,8,87,6,11495781.3,14376,211,3,105,10,35,64,0,13,17.5,12.5,21.5,19,41,130,67,33,33,27,0
CRS3035RES200mN2463000E3984200,CRS3035RES1000mN2463000E3984000,CRS3035RES1000mN2463000E3984000,0,0,38185,199.5,111,16,59,1,52,10,5241452.7,7493,109,2,51,34,0,26,0,13,10,2,9,11.5,16,50,41,21,26,13,0
CRS3035RES200mN2463000E3984400,CRS3035RES1000mN2463000E3984000,CRS3035RES1000mN2463000E3984000,0,0,38185,203,136,28,87,2,47,12,5489599.5,8884,136,0,106,8,8,14,0,0,6,3,5,10,19,81,31,21,17,10,0
CRS3035RES200mN2463000E3984600,CRS3035RES1000mN2463000E3984000,CRS3035RES1000mN2463000E3984000,0,0,38185,229,134,27,75,3,62,11,5901764,10708,133,1,105,0,4,25,0,26,6,1,7.5,9.5,20,62,37,38,31,17,0
CRS3035RES200mN2463000E3984800,CRS3035RES1000mN2463000E3984000,CRS3035RES1000mN2463000E3984000,0,0,38185,126,55,7,18,2,32,5,3840985.5,5298,55,0,52,0,2,1,0,0,9,4,8,6.5,12.5,30,28,12,10,6,0
CRS3035RES200mN2463000E3985000,CRS3035RES1000mN2463000E3985000,CRS3035RES1000mN2463000E3985000,0,0,38185,975.5,529,153,298,26,165,60,21723943.4,35384,527,2,351,79,48,50,1,162,39,12.5,52,79.5,101.5,252,177,107,124,30,1
CRS3035RES200mN2463000E3985200,CRS3035RES1000mN2463000E3985000,CRS3035RES1000mN2463000E3985000,0,0,38185,367,195,54,103,9,56,21,8126673.9,13432,195,0,160,2,27,6,0,80,14.5,7.5,17,24,36,79,69,44,60,16,0
CRS3035RES200mN2463000E3985400,CRS3035RES1000mN2463000E3985000,CRS3035RES1000mN2463000E3985000,0,0,38185,385.5,213,16,99,4,134,19,11260164.3,16430,213,0,0,213,0,0,0,0,16,3.5,19,7.5,32.5,67,36,58,82,64,0
CRS3035RES200mN2463000E3985600,CRS3035RES1000mN2463000E3985000,CRS3035RES1000mN2463000E3985000,0,0,38185,438.5,268,20,162,1,166,20,12402474.6,19224,267,1,0,267,1,0,0,0,19,9,20,14,33.5,120,66,44,80,33,0
CRS3035RES200mN2463200E3983400,CRS3035RES1000mN2463000E3983000,CRS3035RES1000mN2463000E3983000,0,0,38185,92.5,45,14,23,4,0,10,1388980,2982,45,0,0,0,0,45,0,39,5,2,12,11.5,7,13,18,13,9,2,0
CRS3035RES200mN2463200E3983600,CRS3035RES1000mN2463000E3983000,CRS3035RES1000mN2463000E3983000,0,0,38185,177,96,18,56,5,20,8,4809663.8,6043,96,0,0,0,0,96,0,15,7,4,9,10,30,37,43,17,12,8,0
CRS3035RES200mN2463200E3983800,CRS3035RES1000mN2463000E3983000,CRS3035RES1000mN2463000E3983000,0,0,38185,247.5,163,30,106,1,76,11,6260954.7,9335,162,1,56,3,50,54,0,0,7,4.5,6,6,40,70,43,17,37,17,0
CRS3035RES200mN2463200E3984200,CRS3035RES1000mN2463000E3984000,CRS3035RES1000mN2463000E3984000,1,0,38185,28,16.8,0,8.4,0.9,6.5,0.9,794533.8,1195.6,15.9,0.9,15,0.9,0,0.9,0,0,0,0,1.9,0.9,3.7,7.5,3.7,5.6,3.8,0.9,0
CRS3035RES200mN2463200E3984400,CRS3035RES1000mN2463000E3984000,CRS3035RES1000mN2463000E3984000,0,0,38185,147,79,5,32,0,36,12,4144659.2,5755,79,0,0,0,78,0,1,13,3,2,5.5,8,10.5,41,26,27,17,7,0
CRS3035RES200mN2463200E3984600,CRS3035RES1000mN2463000E3984000,CRS3035RES1000mN2463000E3984000,0,0,38185,45,22,1,10,0,11,1,1447346.5,1889,21,1,16,0,1,5,0,0,2,0,1,4,5,13,8,4,5,3,0
CRS3035RES200mN2463200E3984800,CRS3035RES1000mN2463000E3984000,CRS3035RES1000mN2463000E3984000,0,0,38185,179.5,103,16,54,0,50,9,5156280.3,6969,98,5,92,7,1,3,0,5,5.5,4,5,9.5,21.5,53,33,19,20,9,0
CRS3035RES200mN2463200E3985000,CRS3035RES1000mN2463000E3985000,CRS3035RES1000mN2463000E3985000,0,0,38185,463.5,279,85,176,6,68,22,9810590.7,16486,276,3,136,62,19,62,0,125,12,5,16,35.5,35,108,78,42,86,46,0
CRS3035RES200mN2463200E3985400,CRS3035RES1000mN2463000E3985000,CRS3035RES1000mN2463000E3985000,0,0,38185,233.5,137,19,79,3,79,8,6716646.2,11037,135,2,31,96,0,10,0,0,5,10,5,14.5,21,61,32,19,39,27,0
CRS3035RES200mN2463200E3985600,CRS3035RES1000mN2463000E3985000,CRS3035RES1000mN2463000E3985000,0,0,38185,206.5,82,15,22,8,7,18,4222230.2,5798,81,1,6,1,0,75,0,49,10,8,20,33,12.5,48,46,18,9,2,0
CRS3035RES200mN2463200E3985800,CRS3035RES1000mN2463000E3985000,CRS3035RES1000mN2463000E3985000,0,0,38185,270.5,130,24,56,8,10,26,6040415.2,7943,130,0,0,0,0,130,0,71,12.5,8,28.5,23.5,16,91,56,16,14,5,0
CRS3035RES200mN2463400E3983600,CRS3035RES1000mN2463000E3983000,CRS3035RES1000mN2463000E3983000,1,0,38185,9,5.4,1,3.5,0.3,2.3,0.4,184715.3,296.2,5.4,0,2,1.2,0,2.2,0,0.1,0.1,0.1,0.4,0.8,1.5,1.8,2.2,0.9,1.2,0,0
CRS3035RES200mN2463400E3983800,CRS3035RES1000mN2463000E3983000,CRS3035RES1000mN2463000E3983000,0,0,38185,213,138,28,88,1,65,7,5432528.5,7599,136,2,30,49,40,19,0,0,5,0,5,7,28,71,39,19,33,6,0
CRS3035RES200mN2463400E3984000,CRS3035RES1000mN2463000E3984000,CRS3035RES1000mN2463000E3984000,0,0,38185,54,29,2,15,2,18,3,1303594.7,1891,26,3,12,17,0,0,0,0,4,0,3,3,3,17,13,2,4,5,0
CRS3035RES200mN2463400E3984200,CRS3035RES1000mN2463000E3984000,CRS3035RES1000mN2463000E3984000,0,0,38185,224.5,127,17,72,4,58,8,5644273.9,7580,110,17,52,63,7,5,0,1,10.5,2,4,14.5,24.5,73,39,29,20,8,0
CRS3035RES200mN2463400E3985000,CRS3035RES1000mN2463000E3985000,CRS3035RES1000mN2463000E3985000,0,0,38185,159,82,25,50,7,14,11,2924105.8,5020,81,1,33,5,5,39,0,42,7,4,11,13,10,35,32,29,16,2,0
CRS3035RES200mN2463400E3985200,CRS3035RES1000mN2463000E3985000,CRS3035RES1000mN2463000E3985000,0,0,38185,324.5,176,41,94,8,33,29,6446147.4,11104,174,2,117,23,25,11,0,88,9.5,6,24,23.5,29.5,78,67,37,43,7,0
CRS3035RES200mN2463400E3985400,CRS3035RES1000mN2463000E3985000,CRS3035RES1000mN2463000E3985000,0,0,38185,301.5,172,11,94,5,86,12,9195987.8,13353,165,7,58,51,18,45,0,12,13,7,12,7.5,22,68,46,29,52,45,0
CRS3035RES200mN2463400E3985600,CRS3035RES1000mN2463000E3985000,CRS3035RES1000mN2463000E3985000,0,0,38185,476,293,46,179,8,139,19,13203109.1,20820,286,7,83,153,24,33,0,0,14,9,21,18.5,46,119,63,58.5,70,57,0
CRS3035RES200mN2463400E3985800,CRS3035RES1000mN2463000E3985000,CRS3035RES1000mN2463000E3985000,0,0,38185,324.5,191,20,101,2,93,18,9696608.7,12961,159,32,55,78,32,26,0,7,10,5,17.5,11.5,22.5,100,41,42,46,29,0
CRS3035RES200mN2463600E3983600,CRS3035RES1000mN2463000E3983000,CRS3035RES1000mN2463000E3983000,0,0,38185,350.5,186,28,91,6,44,14,8878617,11087,186,0,27,0,2,157,0,85,23.5,10,17.5,12,33.5,144,64,26,16,4,0
CRS3035RES200mN2463600E3983800,CRS3035RES1000mN2463000E3983000,CRS3035RES1000mN2463000E3983000,0,0,38185,582.5,276,44,126,16,48,22,13716861.8,16344,276,0,0,0,0,276,0,116,41.5,11,42,35.5,44.5,231,103,34,27,6,7
CRS3035RES200mN2463600E3984000,CRS3035RES1000mN2463000E3984000,CRS3035RES1000mN2463000E3984000,0,0,38185,117,54,19,22,3,0,12,2040417.4,3456,54,0,2,4,0,48,0,25,7.5,4,15.5,10,15,38,16,3,5,3,0
CRS3035RES200mN2463600E3984200,CRS3035RES1000mN2463000E3984000,CRS3035RES1000mN2463000E3984000,1,0,38185,2,1.2,0,0.6,0.1,0.5,0.1,56752.4,85.4,1.1,0.1,1,0.1,0,0.1,0,0,0,0,0.1,0.1,0.2,0.5,0.3,0.4,0.3,0.1,0
CRS3035RES200mN2463600E3985200,CRS3035RES1000mN2463000E3985000,CRS3035RES1000mN2463000E3985000,1,0,38185,42,27.3,2,16.6,0,12.7,2.9,1216652,1880.2,25.4,1.9,15.6,0,1,10.7,0,1,1.9,1,2,1,1,10.7,6.8,10.7,2,4.9,0
CRS3035RES200mN2463600E3985400,CRS3035RES1000mN2463000E3985000,CRS3035RES1000mN2463000E3985000,0,0,38185,192,91,7,35,6,55,4,6899304.1,8478,73,18,23,14,54,0,0,0,9,9,11,8,12.5,37.5,31,15,29,30,0
CRS3035RES200mN2463600E3985600,CRS3035RES1000mN2463000E3985000,CRS3035RES1000mN2463000E3985000,0,0,38185,511.5,335,54,223,7,115,17,13377710.6,19736,318,17,101,138,15,81,0,0,18,3,12,21.5,72,162,82,36,67,38,0
CRS3035RES200mN2463600E3985800,CRS3035RES1000mN2463000E3985000,CRS3035RES1000mN2463000E3985000,0,0,38185,414,240,19,145,5,100,13,11713534.6,15993,212,28,69,114,20,37,0,25,15.5,9.5,16,24,34,110,76,31,68,30,0
CRS3035RES200mN2463800E3983400,CRS3035RES1000mN2463000E3983000,CRS3035RES1000mN2463000E3983000,0,0,38185,122,58,10,25,4,0,11,2167084.2,3162,51,7,0,58,0,0,0,58,9,7,11,7.5,8.5,33,18,11,13,3,1
CRS3035RES200mN2463800E3983600,CRS3035RES1000mN2463000E3983000,CRS3035RES1000mN2463000E3983000,0,0,38185,290,111,38,41,17,0,19,4512262.9,7397,111,0,0,0,0,111,0,107,23,13,27,42,15,46,56,20,33,15,0
CRS3035RES200mN2463800E3985000,CRS3035RES1000mN2463000E3985000,CRS3035RES1000mN2463000E3985000,1,0,38185,1,0.7,0,0.4,0,0.3,0.1,28967.9,44.8,0.6,0.1,0.4,0,0,0.3,0,0,0,0,0,0,0,0.3,0.2,0.3,0.1,0.1,0
CRS3035RES200mN2464000E3983200,CRS3035RES1000mN2464000E3983000,CRS3035RES1000mN2464000E3983000,0,0,38185,708.5,322,85,136,27,35,47,13327189.3,19583,322,0,0,0,0,285,37,134,69,32.5,55,51,88,245,102,38,18,10,0
CRS3035RES200mN2464200E3983000,CRS3035RES1000mN2464000E3983000,CRS3035RES1000mN2464000E3983000,0,0,38185,85,37,4,9,3,11,2,2352780.5,2449,37,0,0,0,0,37,0,0,6.5,2,1.5,6,13,42,11,2,1,0,0
CRS3035RES200mN2464200E3983200,CRS3035RES1000mN2464000E3983000,CRS3035RES1000mN2464000E3983000,0,0,38185,207.5,83,5,25,8,56,5,5063339.5,5522,83,0,0,0,0,83,0,0,19,7,19.5,18,8,89,30,11,5,1,0
CRS3035RES200mN2464600E3982600,CRS3035RES1000mN2464000E3982000,CRS3035RES1000mN2464000E3982000,1,0,38185,5,1.8,0.7,0.4,0.4,0.2,0.3,78507.6,132.9,1.6,0.2,0,0.1,0.6,1.1,0,0,0.1,0.2,0.4,0.8,0.3,1,1,0.6,0.2,0.4,0
